Tweets To Be Annotated,Ground_Truth_Non_Toxic,Ground_Truth_Toxicity,Ground_Truth_Severe_Toxicity,Ground_Truth_Identity_Attack,Ground_Truth_Insult,Ground_Truth_Profanity,Ground_Truth_Threat,Ground_Truth_Sexually_Explicit
im wearing a sweater and it's ike 80 degrees in my house,1,0,0,0,0,0,0,0
"For instance...Nikki said BET you won't fight her. I said bet? She said bet. Whipped a quick u-turn, whooped that ass, and went to jail &#128514;",0,1,0,1,1,1,0,0
@justezzzee your so fucking ignorant u talk a lot shit for someone who don't wanna fight your mama raised u as bitch huh?,0,0,1,0,1,1,0,0
Smoking Brooklyn got me high as giraffe pussy,0,0,0,0,0,1,0,1
@user can we expect to see more me:a during the rest of e3?   #andromeda #giveittomealready!,1,0,0,0,0,0,0,0
RT @TheDouch3: Tweeting about ur boyfriend won't get him off Xbox live that nigga gotta 24 kill streak rn bitch shut up,0,1,0,0,1,1,0,0
"@_Corayma @LuivilleSluggah TF do I look like, delivery bitch or what ahaha",1,0,0,0,0,0,0,0
"@coolieDAGGERA @CapoToHeaven why wld u wanna be a faggot, dude? That's faggot like",0,0,1,1,1,1,0,0
I got good credit. So my bitch credit gotta match mine,1,0,0,0,0,0,0,0
"bitch im DEAD!! &#128128;&#128128;&#128584; RT @KingHov1313: Them heauxs gon put balloons in a corner &amp; take pics talkin bout ""We in V.I.P""&#128553;",0,0,0,0,0,1,0,0
@user a #flower #blossoms for its own #joy. -oscar wilde #quote #trust #life #love #healthy #meditation #yoga,1,0,0,0,0,0,0,0
"I can't express how much I hate sam, he is by far hands down no questions asked my least favorite character , so bitch made #freaksandgeeks",0,0,0,1,0,1,0,0
This niggah @wherzdaBUDD is a fool,0,0,0,0,0,1,0,0
sunday brunch with brother! happy father's day jonathan Ã°ÂÂÂ   #father #day #brother #familyÃ¢ÂÂ¦,1,0,0,0,0,0,0,0
@ivanrabago_ @Buckm00se I blocked that annoying ass sand nigger claims to not be biased but yet no one can say anything about khan,0,1,0,1,0,1,0,0
"but you're an animal, baby its in your nature Ã°ÂÂÂ #girls #cute #summer #blur #sun   #fun #dogÃ¢ÂÂ¦",1,0,0,0,0,0,0,0
If you can't turn Instagram likes/follows into some real life shit #trash,1,0,0,0,0,1,0,0
&#8220;@Da_LoveBelow @bdvg_lat @DrTruth247 yall bare hoes yall dnt care bout ??&#8221; I spent my childhood in a wild hood,0,0,0,0,0,1,0,0
&#8220;@codyaveresch: Paint brushes over Bugattis #StundentPainters bitch&#8221; paint me like one of your French girls,1,0,0,0,0,0,0,0
please #america # #timwise lecture - #colorblind  via @user #trendolizer  #historicalamnesia,1,0,0,0,0,0,0,0
#allahsoil the cold war was fought over oil.   #teambts #teamsuperjunior ?¢¬Ä¬¶,1,0,0,0,0,0,0,0
"RT @allisonnamaya_: @Whitecholo23 omg Nathaniel. No ""come here mr pussy"" ""Mr pussy where are you"" lol",0,0,0,0,0,1,0,0
@keltor_wade nah dude mostly just sound like a faggot,0,1,0,1,1,1,0,0
@Swaggyb20 Johans a free agent harveys hurt you retard. and its valverde* #ignorance,0,1,0,0,1,1,0,0
"RT @JareerKassis: Charlie Rose: Can you coexist with Israel? Meshal: *Not* as occupiers. After that, national consensus will decide, not Ha&#8230;",0,1,0,1,1,1,0,0
RT @SteadmanTerri: @wheeler_kashhh Mann fuckk dat shit!!..fuckk dat bitch!! &#128514;&#128514;,0,1,0,1,1,1,0,0
I got some bitch ass coworkers. I stay late every day last week I don't complain about them mfs. They stay late they send emails that I left,0,0,0,0,1,1,0,0
&#8220;@Iamjayla__: @WB_Pooh_3x Bol that called the girl a bitch&#8221;Oharrd coo I'm both of them tho &#128526;&#128076;&#128175;,1,0,0,0,0,1,0,0
&#8220;@TeeLaydee: @JustKarahn @what_iDO yasss when a bitch get paid tho &#128514;&#128514;&#8221; as long as she dnt act crazy,0,1,0,0,0,1,0,0
Goodbye x Young Dolph featuring Trinidad James &amp; Shy Glizzy,1,0,0,0,0,0,0,0
&#8220;@NigggaPino: Splash onna bitch Wednesday tomorrow&#8221;,0,0,0,0,1,0,0,0
The Irish in #California are all white trash.,0,1,0,1,1,0,0,0
Lame niggas trash.,0,0,0,0,1,1,0,0
"RT @Positivital: somewhere between ""i need therapy"" and ""bitch, im fine""",1,0,0,0,0,0,0,0
"RT @Cliftonsings: Oi @Klitschko ya big boring cunt, Kubrats a comin'... http://t.co/mg2Sre0Jr8",0,1,0,1,1,1,0,0
I give my niggas hope and sell these bitches dreams!,1,0,0,0,0,1,0,0
I feel bad for all you bitches that have never been to Disney World &#127984;&#128081;,1,0,0,0,0,1,0,0
Mane if dis nicca call me 1 mo time n say he Finna pull up but dnt pull up,0,1,0,1,1,1,1,0
All these bitches wanna fuck on a thug,0,1,0,0,0,1,0,0
Forgiato Fest in Dallas this year fuck yeah bitch,1,0,0,0,0,1,0,0
"""@Jewelxo: Can pornhub just get a gaming stream feature so these dumb bitches can gtfo"" @Pornhub get on it Katie&lt;3",1,0,0,0,0,0,0,0
@user awesome. black man gets kkk members to disavow by befriending them   #blacklivesmatter,0,0,0,0,0,0,0,0
My nig jus found out his girl fuckin anotha nig so he meets up wit dis nigga.....,0,1,0,1,1,1,0,0
"&lt;breakfast with dad&gt; #familytime #selfie #motd #look #instagood   @ charlotte, noh carolina",1,0,0,0,0,0,0,0
"&#8220;@gallinofmilk: I'm a faggot"" I agree",0,0,0,0,0,1,0,0
"Fuccn yo bitch last night she say ""you the nigga!!'",0,1,0,0,0,1,0,0
RT @macktology101: You hoes getting outta hand http://t.co/jZ2WRvaXaI,1,0,0,0,0,0,0,0
@user celebrate the way you want when you sell things on kijiji.    #confetti,1,0,0,0,0,0,0,0
Kae &amp; Chris coming for yall bitches as a couple &#10084;&#65039;&#128076;,1,0,0,0,0,0,0,0
Josef just pitted. Slight possibility he can make it the remaining 67 laps but I highly doubt it. Will need yellow. #IndyFest,1,0,0,0,0,0,0,0
"&#8220;@BIGHOMIEMARKIE: &#8220;@1017_Sqquad: &#8220;@TODDIE_soPLAYER: @_Raygine bitch get out dem feelings and get some new dick&#128514;&#128514;&#128514; ""&#128064;&#128550;&#128514;&#128514;&#128514;&#128514;&#128514;&#128514;&#128514;&#128514;&#128514;&#128514;&#128128;&#8221;&#128514;&#128514;&#8221;&#128128;&#128128;&#128128;&#128514;",0,0,0,0,0,0,0,1
@noturavurage You can roll? And what you got to eat? Barter system my nig!,0,1,0,0,0,1,0,0
RT @Mr_JSmart24: Twitter was fye when niggas used to go in on Trending Topics&#8230;now its just recycled tweets and hoes screaming they want loy&#8230;,0,0,0,0,0,1,0,0
@laceeybugg atleast i dont have dick breath you twat licker,0,1,0,1,1,1,0,1
Not allowed to play flappy bird around grandma because she swears at me to stop swearing lol,1,0,0,0,0,0,0,0
@delaney_guinan you did a good job doing that to me and not texting back faggot,0,1,0,0,0,1,0,0
I don't love you hoes.,1,0,0,0,0,0,0,0
@Duckin_Fope thats a win right there. any nigga who doesnt partake in that is a faggot. even if they dont smoke.,0,1,0,1,1,1,0,0
r.i.p. my old iphone Ã°ÂÂÂ¥Ã°ÂÂÂ #iphone #facwbook #instagram #twitter #whatsapp #amywinehouse   Ã°ÂÂÂ¢,1,0,0,0,0,0,0,0
"I got a Lambo, 2 doors. 2 seater, 2 hoes.. Yokohamas, no vogues. Man that bitch beautiful. - @jesus",1,0,0,0,0,1,0,0
did you know probiotics help you maintain digestive balance? stock up w/ #alignatsams  @user #ad   #tummy,1,0,0,0,0,0,0,0
"@AmericanWhiteHM Those niggers disgust me. They should have dealt with 100 years ago, we wouldn't be having these problems now.",0,1,0,1,1,1,0,0
well i want to be Victoria's Secret dyke angel&#128124;&#128149;,1,0,0,0,0,0,0,0
Only a broke nigga gonna settle for a broke bitch,0,0,0,0,0,1,0,0
"@jacquibreed ok, I'll sink to your level... you're a special kind of bitch aren't you? @conserv_tribune",0,0,0,0,1,0,0,0
"If she know yo name way before you meet her, then dat bitch a EATTA!",1,0,0,0,0,1,0,0
@regankelly91 go the gulls. First grade should be a cracker. Physical!,1,0,0,0,0,0,0,0
"I'm a funky ass honkey. - @jtimberlake 's shout out to @macklemore tonight before ""Cabaret"" &#128514; #JT2020Tour",1,0,0,0,0,0,0,0
"""@VineForTheByrd: On my way to fuck your bitch https://t.co/4lMTFNL2iy""LMFAO KITTYCOPTER",0,1,0,1,1,1,1,1
new video shows how  this guy  and how he staed to abuse and humiliated an muslim guyâ¦,0,0,1,1,0,0,0,0
@RunuldoRants faggot sack,0,1,0,0,1,1,0,0
RT @fatandfly88: Bitches talking bout dey bout ta chill out on going out you bitches just saying dat cause its getting cold and u bitches d&#8230;,1,0,0,0,0,1,0,0
"Bitch don't talk yo shit then, say you on papers when a bitch trinna get down &#9995;&#128514;&#128557; you a straight FAG BITCH foe dat. Scary ass hoe.",0,0,0,0,0,1,0,0
&#8220;@MrDelightfullll: I've sounded like a fag the last few days &#128584;&#128513;&#128513;&#8221; your emotions are inspiring &#128150;,1,0,0,0,0,0,0,0
"Do we love these hoes?&#128514; &#128514; &#128514;&#128514;&#128514;&#128514;&#128514; &#128514; &#128514; &#128514;&#128514; &#128514; &#128514; &#128514; &#128514;&#128514; &#128514;&#128514; &#128514; &#128514;&#128514; &#128514; &#128514;&#128514;&#128514;",1,0,0,0,0,1,0,0
Lmfao all bitches is hoes then,0,1,0,1,1,1,0,0
RT @Alex_Alfarkh: I'm a pussy,1,0,0,0,0,1,0,0
RT @hollygolawly: Can't wait to eat #metropole @21cCincinnati and see my @21cLouisville friends! Bring on those damn yellow penguins!#ro ...,0,0,0,0,0,1,0,0
Now don't you hate them ol... Lyin ass hoes... Smilin in ya face wearin her best friends clothes,1,0,0,0,1,1,0,0
Put her in her place cause pussies don't get pussy..,0,0,1,1,1,1,0,1
@demimariemorin well im sure im not fully retarded #imustbestupid:(,1,0,0,0,0,1,0,0
RT @Ronesha__: When I feel like he entertaining these hoes I just fall back even harder than before &#128175;,1,0,0,0,0,1,0,1
"@ThequeenSOxILL I'd rather ask yours, is she a nappy headed hoe too? And is your grandma as well? I'd be ashamed to be in your family.",0,0,1,1,1,1,0,0
I''d put a bullet in that bitch...,0,1,0,0,0,1,1,0
Two days gone she been gone so long you can't get her on the phone cuz that bitch done been wit meeeeee,0,0,0,0,0,1,0,0
@Dswizzle3 bitch i dont even look like that keep talking and we going to fight,0,0,0,0,0,1,1,0
liveÃ°ÂÂÂ¤  #joyrich#supreme#timberland#forever21#ma1#nike#adidas#converse#nohface#wego#love #dÃ¢ÂÂ¦,1,0,0,0,0,0,0,0
Photo: anarcho-queer: &#8220;Anarchism stands for a social order based on the free grouping of individuals for... http://t.co/Iy6Gro4t8Z,1,0,0,0,0,0,0,0
"@_womanoverboard ""nigger""",1,0,1,1,0,1,0,0
nothing humorous about your jibes u #arrogant   trump official paladino under fire over crude obama remarks -,0,0,0,1,1,0,0,0
"RT @ComedyPosts: When you make a joke and someone you hate laughs and you're thinking: ""No bitch you aren't allowed to laugh"".",1,0,0,0,0,0,0,0
"RT @1deep_williard: ""@1017_Sqquad: Come out her pussy and go in her ass come out her ass and go in her mouth"" that way she won't tell nobod&#8230;",0,0,1,0,0,1,1,1
glass crystal s... gbp 12.99 get here:  #shop #cool   #home #fun,1,0,0,0,0,0,0,0
@Lvl_7_Eevee @UnicornCowboy @hisorraya I'll trade you one car drift for brownies.,1,0,0,0,0,0,0,0
very   to share my new look #website. love how it looks!  #photography #weddings #nohants #nohampton,1,0,0,0,0,0,0,0
Me. RT @OfficialCNote: coolin with all my hoes http://t.co/vCME41IsMg,1,0,0,0,0,0,0,0
@ChandailBailey way to delete your tweets you stanky bitch,0,1,0,0,1,1,0,0
RT @AdoreBellaaa: Never trippin on no hoes,1,0,0,0,0,0,0,0
Time hop makes me realize how much off a faggot I was lol,0,0,0,0,0,1,0,1
RT @LilReese300: Errday I take chances real street nigga shit take chances by fuckin wit u nothin ass hoes sumtime lol...#300,0,1,0,0,0,1,0,0
Ã¢ÂÂ #united kingdom claimant count change below expectations (0k) in may: actual (-0.4k)   #blog #silver #gold Ã¢ÂÂ¦,1,0,0,0,0,0,0,0
"""@MegamindNick: @white_thunduh nah fam I gotta cheat with the hoes"" depends on the female i feel",0,1,0,1,1,1,0,1
If y'all preppy bitches ever arguing like this at a party and don't do nothing y'all getting hit with a bottle fr,0,0,0,0,0,1,0,0
@Gethenian ffffffffffffuck. Baratheon rebellions are a bitch.,0,0,0,0,0,1,0,0
RT @TiaraSoBoojie: All the main bitches are getting kicked to the curve lol,0,1,0,0,0,0,0,0
As a man ... I feel like you a bitch if you living off a female . Havin her buy all yo shit fucc that never be dependent on someone,0,1,0,1,1,1,0,0
"http://t.co/4YyVxESnUR

The far left looks the best if you ask me, bitches try too hard. Just be yourself, especially if you're thick",1,0,0,0,0,1,0,0
@_RenaissanceJay get the loredo steak. Out dat bitch if u ballin,1,0,0,0,0,1,0,0
@user now offering a 45-70 rolling block rifle along with a .357 and .44 mag. #madeinusa,1,0,0,0,0,0,0,0
Sometimes I just want someone to bitch to about a shitty day,1,0,0,0,0,0,0,0
"RT @sblmnl_crmnl: @woods_lamar shut your nigger ass, lamar",0,0,1,0,1,1,0,0
Motherfuckas tryna hate on my whip acting like they got cooler interior/light up speakers hell nah bitch boys http://t.co/trbopWKAug,0,0,0,0,0,1,0,0
chick gets fucked crazy european sex,0,1,0,0,0,1,0,1
"WE SALUTE THE VETS &#8211; Tuesday Jihadi Bitch Slaying: MK-48, M203&#8217;s Fired At Taliban Cockroaches Du... http://t.co/1cK21ivEUp #tcot #pjnet",0,0,0,0,0,0,1,0
RT @ReeseZamora: @daxmw23 Dax we don't love these hoes,0,0,0,0,0,1,0,0
RT @hiagokoury: Lmao what my nigga just told me &#128514;&#128514;&#128514;hoes these days... They lovin the crew gd,1,0,0,0,0,1,0,0
"I'm literally laughing in shock, amazement, joy. In...just everything. In everything! Pop the champagne American queers. We have arrived.",0,1,0,1,1,1,0,0
It pissrs me tf off when I call you back a half a second later nd you dont answer. You a bitch ass nigga for that,0,1,0,0,1,1,0,0
"Wiz need to go back to the ""yeahhhhhhh bitch"" ""OKKKK"" wiz",0,0,0,0,0,1,0,0
today's best deals | $29-frontier airlines | cheap fares- #fall   travels??¬ü¬ö¬Ü??¬ü¬ö¬ò??¬ü¬ö¬¢??¬ü¬ö¬â??¬ü¬ö¬ñ??¬ü¬ö¬Å??¬ü¬ö¬Ä,1,0,0,0,0,0,0,0
RT @RosieZaya1: Ur fucking white trash,0,1,0,1,1,1,0,0
Niggaz irrational these days...Quick to jump bad bout a bitch...,0,0,0,0,1,1,0,0
like a slow death &#8220;@iSell_Pussy4EBT How does it feel to have a shit load of nudes to fap to but not one bitch to fuck?&#8221;,0,1,0,0,0,0,0,1
the amazing power of the four agreements    #success #people #fouragreements,1,0,0,0,0,0,0,0
I could b out here like some of these chicks...in the streets slingin pussy for a couple dollars but im not,0,0,0,0,0,0,0,1
RT @TheNotoriousD_: like fuccck man why yall bitches wearing wigs to school ?,0,0,0,0,1,1,0,0
This girl is the nastiest skank bitch I've ever met. DO NOT TRUST HER. She is a fugly slut http://t.co/7sU1UIFUNS,0,0,1,1,1,1,0,1
So many shady bitches. THE SECRET THIRST IS ALIVE,0,0,0,0,0,1,0,0
"@IvanJ_Reyes, um no that only a fuck you bitch and done xavier will hopefully respect girls bc I am doing it alone and I don't want that",0,0,0,0,0,1,0,0
@aasthaxoxo oh shut your mouth i was talkin about the morning you fag,0,1,0,1,1,1,0,0
RT @CP24: Reports say female victim was shot while waiting for an Oreo McFlurry,1,0,0,0,0,0,0,0
Why can't you be humble like your moms and not hoes,0,1,0,0,1,1,0,0
@TomMahoney91 what now bitch,0,1,0,0,1,1,0,0
bitch I need that body high do not fuck wit my head pleeeease,1,0,0,0,0,1,0,0
&#8220;@LuaBoo: Niggas over 6'2 with long ass monkey arms make the best cuddle buddies....so I heard&#8221; ahaha a female told me this once&#128514;&#128514;&#128514;,1,0,0,0,0,0,0,0
@EverybodyHatesX shut up bitch and focus on that L tomar,0,1,0,0,0,1,0,0
"@user @user @user @user the real  and #antisemites are @user and the #progressive minions, not freedom loÃ¢ÂÂ¦",1,0,0,0,1,0,0,0
"I'm surprised I'm still at school tbh, I can be quite the retard at times. I'm either exceptional at a subject or absolute shiteee.",0,0,1,0,0,0,0,0
RT @BroCulture: Dive in the pussy like http://t.co/0YboIklkbt,1,0,0,0,0,1,0,1
RT @Brit_Stratton: Justification of my bitch face. Thanks @zzachbarness. http://t.co/A6giLjeE4x,1,0,0,0,0,0,0,0
RT @z0mbiedance: who let gabby get drunk off of her ass? give that bitch bread...bitches love bread.,0,0,0,0,1,1,0,0
"#nosurprise @user #performing @ #trumpinauguration, #mormonism has  &amp; #polygamist roots; kin to #adultery. #moneyovermorals",1,0,0,0,0,0,0,0
RT @J4CKMULL: 1 good girl is worth 1000 bitches,0,1,0,0,0,1,0,0
@CayMarieee bitch you still subtweets but not replying though &#128514;&#128557;&#128524;,1,0,0,0,0,1,0,0
RT @KxRxSxB: Superman. Man of steel - emotions of bitch. #truestory,1,0,0,0,0,1,0,0
"LOL &#128514;&#128557; I just remember that same bitch said she liked my hair then asked ""is it yours?"" Smfh #wut #yes ...",1,0,0,0,0,1,0,0
"We don't want yo bitch mane, we just wanna have fun with her.",0,0,0,0,0,1,0,0
"@user bihday jusu bar #coldpressed popsicle #poolpay. keep your kids   and #healthy!  happy friday, everyone!",1,0,0,0,0,0,0,0
Fucc u primo aint nobody ask u 2 fav dink lies,0,1,0,0,0,1,0,0
"yo bitch bitch gone let me fuck tonight
thursty Thursday at the WesGod cave",0,0,0,0,0,0,0,1
why are white people #expats when the rest of us are #immigrants? #socialclass #money  #privilege,1,0,0,0,0,0,0,0
Outside with dah fuckin yardie eh,0,0,0,0,0,0,0,0
fo woh pastors say officer's acts in viral video arrests were racist,0,1,0,1,1,1,0,0
i won't look no fuher! #love   #sheisinallsecretagamer,1,0,0,0,0,0,0,0
all dayer with the girls drinking in weston with the air show going on #ifcarlingdidperfectdays #redarrows #typhoon,1,0,0,0,0,0,0,0
 August Alsina Deserved that &#1043323;&#1043323;&#1043358; My niggah .,0,1,0,0,0,1,0,0
Had to touch a yung nicca up real quicc last nite &#128514;&#128514;,1,0,0,0,0,1,0,0
Awwwwww they no Kaep ain't rape no bitch!!!!,1,0,0,0,0,1,0,1
Chillin in the hood with my retarded ass homegirl. I feel at home.,0,0,0,0,1,0,0,0
@user d pti does not know it,1,0,0,0,0,0,0,0
cant fuck around wit young niggas cause they be acting like hoes,0,1,0,0,1,1,0,0
I think I found a normal roommate again! Praise be to Jesus! These current ones are about to get their throats slit in their sleep!,0,0,0,0,0,0,1,0
speaking of  in #science and #medicine... Ã°ÂÂÂÃ°ÂÂÂÃ°ÂÂÂ  cc @user,1,0,0,0,0,0,0,0
Sgp still in bitches dms,1,0,0,0,0,1,0,0
RT @mmpfeiI: fuck your gpa bitch im a lot smarter than you,0,1,0,0,1,1,0,0
"RT @FunnyOrTips: ugly people: taken &#128143; 

nerds: taken &#128143; 

hoes: taken &#128143; 

everybody: taken &#128143; 

me: &#128694;",1,0,0,0,0,0,0,0
today is a good dayÃ°ÂÂ¤ÂÃ¢ÂÂ¤Ã¯Â¸ÂÃ°ÂÂÂÃ°ÂÂÂÃ°ÂÂÂ¼ #optimist   #love #music,1,0,0,0,0,0,0,0
@DangItsTiff you look like fucking shrek bitch,0,1,0,1,1,1,0,0
@KEIRRANicolee I didn't know you was following me hoe &#128514;,0,1,0,0,1,1,0,1
I got more trust in drugs then these dumb ass bitches,0,1,0,0,0,1,0,0
"@Bitterchick 
Dat means get the fuck out hoe I be thinkin",1,0,0,0,0,0,0,0
Most niccas broke but always n the limelight,0,0,0,0,0,1,0,0
"RT @PluggedInPiff: @ThoughtsOfRandy stop following ""bad bitches"" and ya won't get spammed",0,0,0,0,0,1,0,0
RT @LakersTV: VIDEO: @kobebryant on talking trash while facing @NickSwagyPYoung during today&#8217;s scrimmage &#8211; http://t.co/3njZFytc1R http://t.&#8230;,1,0,0,0,0,0,0,0
stop calling @user ! i've met him. bbc is more  than he. he's got big work ahead. @user @user,0,1,0,1,1,1,0,1
&#8220;@_BeautifulKeezy: im so winning. &#128525;&#128525;&#128525; http://t.co/Jf6U54CMW3&#8221;&#128514;&#128514;&#128514; bitch,0,0,0,0,1,0,0,0
"wanna make a boss happy? &#128527;bitch talk nasty. &#128540;",1,0,0,0,0,1,0,0
@MissBrionline @LanipopChicago @RealYdotGdot My mfn BIRTHDAY!!! Pink Champaign in dat bitch!!!,1,0,0,0,0,0,0,0
No this bitch @Cee_Murda94 did not yell down the steps to tell me don't eat her damn chicken.&#128514;&#128514; tf,0,0,0,0,0,1,0,0
Thirsty ass bitch don't sweat me,0,0,0,0,0,1,0,0
@jeffjam @toddgunter @cgoodwoman They do. Why else do teachers constantly bitch about pay?,0,0,0,0,0,1,0,0
&#8220;@CommonBlackGirI: bitch that's ham on her face http://t.co/vSRAyShD5Y&#8221; @rachel_dority,1,0,0,0,0,1,0,0
@CallNeeshCakey I can't bitch,1,0,0,0,1,1,0,0
@user #treasonoustrump #trumpleaks trump #misogynisttrump  frnds @user and now this,1,0,0,0,0,0,0,0
They call me chief weak bitch,0,1,0,0,0,1,0,0
@user john terry just chose white christmas as his favourite christmas song on @user no surprise there.,0,0,0,1,0,0,0,0
This is EXACTLY why I don't tell this bitch SHIT !,1,0,0,0,0,1,0,0
If my bitch wear a bacon bra....im taking that ass to funky town,1,0,0,0,0,1,0,0
great  country: #australia and #israel : #australian #opkillingbayã#thecove  #shabbatshalom×§×§ã@user,0,1,0,0,0,0,0,0
"RT @moneychaserr_: ""@vintage_monroe_: &#8220;@PussyBeezus_: Kim always being nasty.
Pussy hungry bitch &#128514;&#8221;look at me never hungry http://t.co/zRN&#8230;",0,0,0,0,0,0,0,1
I'm the bitch that a come out n sweats n still have Ya nigga checking for me&#128526;,1,0,0,0,0,1,0,0
"@user truer words have never been spoken. that's the reason why he's the nominee. if voters cared, he'd have gotten trounced.",1,0,0,0,0,0,0,0
So you females feel like it's ok to dress like a hoe? Smh I just hope I don't have a daughter please god http://t.co/2uaWusHHYE,0,0,0,0,1,1,0,1
@JUSTLOVE_NOHATE @Me_NOindirect whole hoe outchea.......,1,0,0,0,0,0,0,0
#BurnNotice Fi shoots bean bag rounds at the guy - Hurts like a bitch don't they?,1,0,0,0,0,0,0,0
It's this hoe pics I'm looking at she got her ass out in 20pics then got 5 with her son....these hoes crazy,0,1,0,0,1,1,0,0
@Ranae_26 i can't why you up hoe &#9825;&#9825;,1,0,0,0,1,1,0,1
RT @King_Shawn_6: &#8220;@white_thunduh: Dez is caked up with some bitch or something cause hes not playing like Dez Bryant&#8221;&#128514;&#128514;&#128514;&#128557;&#128557; God dammit Patr&#8230;,1,0,0,0,0,0,0,0
@JukeJuke_9 shit he prolly is other than that everybody else trash,1,0,0,0,0,1,0,0
RT @lilDarrell12: And if you looking for my I'll be on these bitches mind,1,0,0,0,0,1,0,0
@KimberlyyAye @Leslieeeixta I think I did my job here! Toodles to you bitches &#9996;&#65039;,0,0,0,0,0,1,0,0
"Iv decided to grow my hair, i aint braiding it tho.......straight curls out dis bitch !",1,0,0,0,0,1,0,0
"RT @neverknownfacts: A person needs just three things to be truly happy in the world: someone to love, something to do, and something to ho&#8230;",1,0,0,0,0,0,0,0
RT @AlvarezJackee: I turn into a bitch real quick.,1,0,0,0,0,1,0,0
I'm not the type to fight no bitch over a nigga im the type to say fucc that &amp; take his Bitch &#9995;&#128514;&#128527;,0,0,1,0,0,1,1,0
&#8220;@FREDOSANTANA300: Up making plays&#8221; can I have my slut bitch girlfriend u always rap about back yet?,0,1,0,1,1,1,0,0
Wen yu see uh bad bitch n wanna holla say Ayyy,0,1,0,0,0,1,0,0
@coffincreepxx you had to throw in the faggot word smh smh smh,0,0,0,0,0,1,0,0
@WyattNuckels I'm not fake bitch meet me after school then nigga,0,1,0,0,0,1,1,0
Same hoe said I couldn't get it tryna kick it.,1,0,0,0,0,0,0,0
@CapoDaAssHole @Alejandro_Bihhh lmaooo I wanted them hoes she was suppose to hold em,1,0,0,0,0,1,0,1
You bitches are crazy,1,0,0,0,0,1,0,0
"Rand went full retard some time ago &#8220;@RichardBSpencer: @SenRandPaul isn't ""playing the game""... he's just retarded.
 http://t.co/ZpKimh9fTG&#8221;",1,0,0,0,0,1,0,0
@NasshRodriguez @linndaroose always down patty never been a pussy &#128572;,1,0,0,0,0,0,0,0
#love for #doodle just keeps on increasing #doodlerindelhi #a #colors #caoons   #smile,1,0,0,0,0,0,0,0
- sirf ashiq log follow karen #iqbal #galib #wasi #faraz #mohsin ki full   poetry + #no add + follow @user send 4o4o4 + @user,1,0,0,0,0,0,0,0
RT @TweetBelow_: The person below is into big booty bitches&#128525;&#127825;,0,0,0,0,0,1,0,0
Nah just yo hoe she just swung matter fact RT @iiAK: @_VinChi3 yu get hoes?!? &#128551;,0,0,0,0,0,1,0,0
This bih stay in this ghetto ass neighborhood,0,0,0,0,0,1,0,0
I'm bout to be.back on my old shit I miss my hoes texting me saying they wanna come see me,1,0,0,0,0,1,0,0
I really committed to fucking with the richest of bitches,1,0,0,0,0,1,0,0
"""captain save a hoe"" is the most annoying phrase",1,0,0,0,0,0,0,0
"\#AnnCoulter still calling #Obama a 'community organizer' re: #Syria. Well, she is still #cunt as well. So what?",0,0,1,1,1,1,0,1
People who slam on the brakes at yellow lights should not be allowed to drive.,0,0,0,0,0,0,0,0
RT @FunnyOGtweets: When rednecks fool around with the aux cord http://t.co/Tyzuro7qR5,0,1,0,0,0,0,0,0
These hoe niggas havnt seen half of me. #2chainz,1,0,0,0,0,1,0,0
Being a hoe ain't cute #ijs,0,1,0,0,0,1,0,0
RT @The_HelenKeller: baddest blind bitch,0,0,0,0,0,1,0,0
Cousins looking for bitches I hope RT @TheOnlyReed: THE FUCK IS THIS? http://t.co/jLrApkDlYs,0,0,0,0,0,1,0,0
I guess I just come off as a bitch to people &#128529;,0,0,0,0,0,1,0,0
@kliontiii @yfly23 lol tell Liv none of her usual redneck hillbilly places an none of ur black gangsta places either,0,1,0,1,1,1,0,0
"RT @HipHopIsDeaddd: Top ten rappers With no hoes1.Hopsin2.Lupe3.Canibus4.IMT5.Childish G6.Papoose7.Hopsin again8.Joell Ortiz9.Krs &#8230;",0,1,0,1,1,1,0,0
Why tf are girls still virgins ????????? We only got 2 months to live bitch you better throw that ass back,0,0,0,1,0,1,0,1
"I dont mind gay people but the flamboyant ""hey look at me Ima faggot"" kinda gays annoy me. bruh just play wit ya booty in peace. ion care.",0,0,0,0,0,1,0,0
Eat your vegetables or you'll grow up to be a pussy,1,0,0,0,0,1,0,0
@LexVan13 go back to nigeria faggot,0,0,0,1,1,1,0,0
"""Don't make me make you fall in live with a nigga like meee..."" The birds 1&amp;2 are my favorite songs by Weeknd",1,0,0,0,0,1,0,0
"RT @AprilStearns: RT @GN192 Far right hero and all-around RWNJ D'Souza took to twitter on Thanksgiving to mock Trayvon Martin, a murdered k&#8230;",1,0,0,0,0,0,0,0
RT @Solyybee_: Lmfao RT&#8220;@macktology101: Alco(ho)l&#8221;,1,0,0,0,0,0,0,0
"&#8220;@AyoO_Fettii: My Anaconda Don't 
My Anaconda Don't
My Anaconda Don't
Want None Unless You Got GOALS Hun &#58143;&#58113;&#128213;&#128218;&#128176;&#127969;&#128107;&#128141;&#8221; Smh . White Ass niggah .",0,1,0,0,1,1,0,0
@maycie32 do you mean you were too distracted by being a bitch ? :)),0,1,0,1,1,1,0,0
sea shepherd suppoers are racist!   #antiracism #seashepherd,1,0,0,0,0,0,0,0
@negrorayrice @FuckTheMallcops I'll continue dis later. I'll be back bitch.,0,1,0,0,0,1,0,0
STOP texting these hoes good morning!,1,0,0,0,0,0,0,0
Biggest booth I ever seen lastnight bitch had a leopard print jumper on look like an over weight leopard,0,0,0,0,1,0,0,0
RT @emmaleeenaa: I be catchin bitches while bitches be catchin feelings,0,0,0,0,0,1,0,0
the bae gettin her nips pierced &#128525;&#128525;,1,0,0,0,0,0,0,0
"RT @Jarhead44: Hi, can I buy you a margarita?Sure!So, I like the way your barstool shows off your clam.",1,0,0,0,0,0,0,1
"Me when folks try to come for me. &#128514; Ok hoe, cool! http://t.co/QduFiVVwHa",1,0,0,0,0,0,0,0
"RT @collegefession: ""We're putting long hard dicks down our throats the least you could do is lick a little pussy #returnthefavor"" - Illino&#8230;",0,0,1,0,0,1,0,1
is the bitch in the new transformers hot?,1,0,0,0,0,1,0,0
I hate my dog's name.. It sounds so ghetto. &#128528;,1,0,0,0,0,0,0,0
Dropped all my hoes for someone. But was that a good decision ? Find out on the next episode of DragonBallZ &#128514;,1,0,0,0,0,0,0,0
This bitch done blew my high and I was high off all of these drugs,1,0,0,0,0,0,0,0
Some hoes that tweet just make me mad lol,1,0,0,0,0,0,0,0
"But you love me, you don't wanna be with nobody else, blah blah.. Bullshit fa the birds..",1,0,0,0,0,1,0,0
Fuck that niggah he so weak he cant tell that you a freak,1,0,0,0,1,1,0,0
&#8220;@FunnyPicsDepot: All the seniors young side hoes gonna be at graduation like http://t.co/qFDBBu4hPV&#8221;,0,0,0,0,1,0,0,0
Ã¢ÂÂ #yen demand at the moment is as a form of Ã¢ÂÂbrexitÃ¢ÂÂ insurance - socgen   #blog #silver #gold #forex,1,0,0,0,0,0,0,0
If only I dated a girl that lived off Mack Road I could just get the holy trinity of Sacramento ghettos on a daily basis,1,0,0,0,0,0,0,0
RT @TheNudesGod: when my girl don't text me back I just tweet. I don't text other bitches Bc I don't want her texting other niggas when I d&#8230;,0,0,0,0,0,1,0,0
90% of niggas goofy and act like bitches,0,1,0,0,1,1,0,0
Get your nasty ass out of my snapchat bitch,0,0,0,0,1,0,0,0
&#8220;@_BeautifulKeezy: &#8220;@100046729: @_BeautifulKeezy wassup&#8221;bye&#8221;bitch you outta order,0,0,0,0,1,0,0,0
them bitches are good lmao,1,0,0,0,0,1,0,0
If I'm sharing my nigga with every other bitch why tf do I want him. He ain't no longer special. The heck.,0,1,0,1,1,1,0,0
RT @charlieecai: Our taxi driver is fucking retarded.. He doesn't know how to get from grapevine to lewisville,0,1,0,1,1,1,0,0
RT @digaveliavelife: Lol I be eatin da shit outta sum pussy. Ill never be a serial pussy eater tho.,0,0,0,0,0,1,0,1
"""@_BeeDontCare My pussy still fresh"" &lt;----- something stank girls say.",0,1,0,0,0,1,0,1
"Eff it, let's go after the cripple&#8217;: You have to see Wendy Davis' new attack ad [video] http://t.co/WapBCHhuru",0,0,1,0,0,0,1,0
good morning!!?¢¬ù¬§?Ø¬?¬è??¬ü¬ò¬? #weekend #love   @user ??¬ü¬ò¬ç,1,0,0,0,0,0,0,0
fucking queer,0,0,1,1,1,1,0,0
#newcomeback #stellar #newconcept i'm excited,1,0,0,0,0,0,0,0
@JennaHord12 Feels like it's been a year since I seen ya queer lolol,1,0,0,0,0,0,0,0
"Get cunts to threaten me, not bothered. I'd happily hit up a big massive group ae third years or something hahaha. #dropkickkk",0,0,0,1,0,1,1,0
Ok this is funny... A proud liberal who wants to end racism calls Tim Scott an Uncle Tom Lolz lib idiots #tcot http://t.co/y6X6eagw20,1,0,0,0,1,0,0,0
almost as  as dad #5wordtrumplethinskin,1,0,0,0,0,0,0,0
"Hello, and to them bitches!!!!! ""@WitHaPrettyface: I just want him to keep them lies to his self..&#128524;&#128080;""",0,1,0,0,0,1,0,0
Man stop acting like faggots and go for the WIN! @Kaepernick7,0,0,0,0,0,1,0,0
relaxing nature sounds #peaceful #chill #relax   #beautiful #relaxing #nature #meditation #mindfulness #peace,1,0,0,0,0,0,0,0
Ã°ÂÂÂÃ°ÂÂÂÃ°ÂÂÂÃ°ÂÂÂ¶Ã°ÂÂÂ»Ã°ÂÂÂ water waves make #baby  . #fathersday week with the #baby at #leocarrillo #malibu @user,1,0,0,0,0,0,0,0
The hoes be rated E !,0,1,0,0,1,1,0,1
RT @divonte_photos: Momma said no pussy cats inside of my dog house.,0,0,0,0,0,1,0,0
@kayliefarmer @bbluedreamm no but if you dare I'll slay your ass. You fruity quaffing tranny.,0,1,0,1,1,1,0,0
@user thanks. doubt twitter will do anything.   @user ==&gt;@user &lt;== fake/#troll account. @user,1,0,0,0,0,0,0,0
"""@trutherbot: does he look like a bitch?"" @el_capacitor",0,0,0,0,0,1,0,0
RT @ispeak_sarcasms: the nigga with no future always have the most hoes..,0,0,0,0,0,1,0,0
@user happy bihday to me Ã°ÂÂÂÃ°ÂÂÂÃ°ÂÂÂÃ¢ÂÂ¨ thank you all for the bihday love Ã°ÂÂÂ #bihdaygirl #jodimusic #singer #nyc   #life,1,0,0,0,0,0,0,0
big bitches be sayin why yo eyes all on my stomach? Bitch why yo stomach all in my eyes,0,0,0,0,1,1,0,0
"angry seaside: summer, where are you?   #seaside #summer #summerwhereareyou #where #juneÃ¢ÂÂ¦",1,0,0,0,0,0,0,0
@_Maniac_Mind_ @Marcfoor4 stfu with that what I'm gonna do and just fuck oh pussy ads nigga,0,1,0,0,0,1,0,0
@MadameCurry_ what kind of hoe are you dressing up as?,0,1,0,1,1,1,0,1
&#8220;@nhalegood: When hoes feel like their photo didnt get enough favorites http://t.co/ZDf98BpF94&#8221;,0,0,0,0,1,1,0,0
Just said bye to @ParkerWidly. Last time I have to see his bitch ass for four months #ThankGod,0,1,0,1,1,1,0,0
"""New Flame"" the song of the yr lol that bitch SUPER run like",0,0,0,0,0,1,0,0
"Any man even considering plastic surgery is gay gay gay imagine ya boy say ""I'd get more hoes then u after I get these new lips"" &#128514;&#128514;&#128514;",0,1,0,1,1,1,0,0
book - #german #colonialism in a global age  ht @user #imperialism #blm,0,0,1,0,0,0,0,0
"oh, well i missed this sight today!   very remiss of bessie not to wake me at dawn",1,0,0,0,0,0,0,0
"RT @Bigboybeezy: Kanye &gt; Tupac........ ""are you serious?"" Yep bitch keep it moving.",0,0,0,0,1,0,0,0
This bitch is so annoying&#128530;&#128530;,0,0,0,0,1,1,0,0
@user work less love more be happy   #laugh #love #life #diet #shakeology #shakes #workout #world #change #fitness,1,0,0,0,0,0,0,0
How you gonna use my name while you talmbout pussy tastes? lol,0,0,0,0,0,0,0,1
"but I'd rather be a free man in my grave
than living as a puppet or a slave
but above those shit options bitch
would be free alive and rich",0,0,0,0,0,1,0,0
jeff sessions tries to delete decades of ....,1,0,0,0,0,0,0,0
@Stonisnipezz this is a joke right? You're on here like ugh I wish I was a jap and tweeting in gook and shit and jerkin to hentai.,0,0,0,1,1,1,0,1
RT @itsDeSha__: hickeys hurt I don't see how people always have them hoes .,1,0,0,0,0,1,0,1
"&#8220;@briceokc: ""cigarettes are so gross"" -half the bitches that smoke cigarettes &#128530;&#8221; @gfys__",1,0,0,0,0,1,0,0
RT @Officialsed_: Most relationships end because bitches wanna take advice from their lonely ass single friends! &#128514;&#128514;&#128514;,0,1,0,0,1,1,0,0
&#8220;@Chhicoo: @VSamone stupid bitch!&#8221; http://t.co/K7MyvFlWFg,0,1,0,0,1,1,0,0
"RT @iDntLuvHoes: All I see on my timeline is
Ebola
Ebola
Ebola
I hate school 
Ebola 
Ebola
Some twitter hoes selfie
Ebola
Ebola
Pull out ga&#8230;",1,0,0,0,0,0,0,0
@radar_online old cunt needs to die,0,0,1,1,1,1,1,1
when the waiter asks @user if he wants to eat the plate aswell...,1,0,0,0,0,0,0,0
I ain't cutting my hair for u hoes at hc,1,0,0,0,0,0,0,0
"@GGChanel @jesjosie Yeah, it's fuck that Jigsaw-faced bitch everyday, B.",1,0,0,0,0,1,0,0
"&#8220;@GrumpyCatTalkin: I'm sorry I offended you when I called you a bitch, I honestly thought you knew.&#8221;&#128514;&#128514;&#128514;&#128514;&#128514;",0,0,0,1,0,1,0,0
Winn Dixie is for real niggaz publix is for pussies,0,0,0,0,0,1,0,0
Our female guinea pig is pregnant &#127882;&#127881;&#127873;&#128525;&#128525;&#128525;,1,0,0,0,0,0,0,0
I feel like I should be sad and all that pussy shit but I am just so pissed right now idk what I'm feeling.,0,0,0,0,0,1,0,0
"@Patchy_Beard G's up, hos down, Rush. I mean clearly he likes to party.",1,0,0,0,0,1,0,0
@marcostc__ you're right momma ain't raise no faggot,1,0,0,0,0,1,0,0
@cumkwats thank you based pee slit,1,0,0,0,0,0,0,0
I'm gonna hoe the shit out of you when we meet again can't wait,1,0,0,0,0,1,0,1
video: currently at @user @user    #cute #eyes #like #follow #instafit #,1,0,0,0,0,0,0,0
"My teacher always says ""Has a man ever abused his wife while using marijuana? Not unless she hides the Oreo cookies then she deserves it.""",0,1,0,1,1,1,0,1
@AliciaDaniella8 them hoes was trash,1,0,0,0,1,1,0,1
"Yea, Mike had a bitch-ass referee in Tokyo @Royceda59",1,0,0,0,1,1,0,0
i decided to become a #feminist beginning 1/1/17. if any feminists are reading plz help to find educational materials.   #feminism,1,0,0,0,0,0,0,0
Inde jus got me all hype at work!! I knew my bitch Candace ain't die,1,0,0,0,0,1,0,0
RT @CraziestSex: Sucking dick &amp; eating pussy is apart of sex. If you think it's nasty then maybe your ass is too YOUNG to be fucking in the&#8230;,0,1,0,0,0,1,0,1
Wiz thought he could turn his hoe into a house wife #SHEDONTBELONGTOYOU #SHEBELONGSTOTHEWORLD,0,1,0,1,1,1,0,1
where my scene hoes at?,1,0,0,0,0,0,0,0
RT @WingsoverHoes: Niggas gossip like hoes I'm sleep tho,1,0,0,0,1,1,0,1
"@Blackman38Tide Ha bitch, I'm pickin' up beach babes left n right on the West Coast http://t.co/lDXNpohLyD",1,0,0,0,0,0,0,0
@1Starflow &#128514;&#128514;&#128514; them bitches need a tan,0,1,0,1,1,1,0,0
I swear I heard that bitch creak,1,0,0,0,1,1,0,0
"These chubby hoes are always on a ""diet""......",0,0,0,0,1,1,0,0
&#128557;&#128557;&#128557;&#128557;&#128557;&#128557;&#128557; RT @RealityyBites: Nope Thts not wht it says here.. RT @PeachDulce: I'm not a hoe. I'm a people person http://t.co/RJ1vIx7VCz,1,0,0,0,0,0,0,0
RT @AntiCHILL: Just had a convo wit my ex n she reminded me y she is my ex smh idk y i even answerd for this bitch,0,1,0,1,1,1,0,0
bitch I seen them tricks before #haannnn foh,0,0,0,0,0,1,0,0
RT @ItsKiaraaaa: &#8220;@WestYourMajesty: Kiara has small chubby fingers&#8221; bitch &#128514;&#128514;&#128514;&#128514;,0,0,0,0,1,0,0,0
RT @itsDC_2x: Rihanna is currently dropping bombs on you bitches!,1,0,0,0,0,1,0,0
RT @paul_lander: Charlie Sheen is engaged to a porn star. I can't be the only one thinking she can do a lot better.,1,0,0,0,0,0,0,0
"' Ima pull up , eat on that pussy and dip &#1041219;&#9996;&#65039; ,",1,0,0,0,0,1,0,1
RT @CuhCuhCuh: bitches is twerkin on camera while they kid watchin sponge bob cuh,1,0,0,0,0,0,0,0
"Bitch I'm not about to eat ya pussy all day long..I got a life.",0,1,0,1,1,1,0,1
@lilmenifee__ &#128514;&#128514;&#128514;&#128514;&#128514; yeah I read yo shit to fast bitch,0,0,0,0,0,1,0,0
RT @ImChiefy: I'll send dick pics to your bitch quick .,0,1,0,1,1,1,1,1
"#riphumanity  may allah keep thm under his protection and bless thm ,ameen",1,0,0,0,0,0,0,0
All my niggaz better have at least 3 ugly bitches number in their phone this summer.,0,0,0,0,0,1,0,0
@RepulsiveTool And the only band that sucked worse live is those fags Guns &amp; Poses.,0,1,0,1,1,1,0,0
&#9733; BEST ASIAN MASSAGE ON THE park slope --TOP RATED SPA &#9733; 718-622-0221 - 24 http://t.co/iuCRWOfDts,0,0,0,0,0,0,0,0
just finished our orientation #welivedesign   #sofadesign #june13 @ sofa design institute,1,0,0,0,0,0,0,0
getting ready to swing into the sixties tonight with @user   #sewingbee,1,0,0,0,0,0,0,0
These bitches dont want no boyfriend ... They want a pimp,0,1,0,0,1,1,0,1
i couldn't end #2016 without mentioning #trump.  #feminism #photographs #shockfactor,1,0,0,0,0,0,0,0
@kincade00 you owe me anyway hoe I need that with interest or shooting your shit up,0,0,0,0,0,0,1,0
"a little more adjustment &amp; finish the painting all over it be done.  got a vision, create it  xx??¬ü¬ò¬É??¬ü¬ò¬É",1,0,0,0,0,0,0,0
I done hit bout 6 threes out this bitch,0,1,0,0,0,1,0,0
TMZ hoes http://t.co/J0lWD4S9d5,0,1,0,0,1,1,0,1
"RT @TooFab: Finally! Warner Bros. making superhero films starring a woman, person of color and actor who identifies as ""queer"" http://t.co/&#8230;",1,0,0,0,0,0,0,0
aww yeah it's all good bing bong bing bong,1,0,0,0,0,0,0,0
@user @user is good place to sta learning abt how one person can be a  &amp; #bigot #mtvwhiteguys,1,0,0,0,0,0,0,0
@user yet again another day trying to ring your shit customer service numbers!!! no response   even rang @user,0,0,0,0,0,1,0,0
now i understand why vegans and vegetarians are such miserable souls...they don't eat bacon!,0,0,0,1,0,0,0,0
@user caption this!   pearlman,1,0,0,0,0,0,0,0
@FRANKTHEFOB ok u hav gun. I love you and you are my superior at fighting games and you probably get more bitches too. peace &#9996;,1,0,0,0,0,1,0,0
@Billythathird @Dimi_Artale aye were da fawking ginzos of fawking queens and fawking nassau,1,0,0,0,0,1,0,0
every time I ask for something the waitress touches my knee till I'm done asking. That mean she tryna give a nigga some pussy don't it.,1,0,0,0,0,1,0,1
i love teaching! ð#pretty #live#laugh #teach#esthetics #eyesâ¦,1,0,0,0,0,0,0,0
"RT @ShesAddicted2Me: ""@187XO_: ' I rather jack off then fuck hoes tbh , That shit boring give me a wife ."" Lmfao , Little Be Like ...",0,1,0,1,1,1,0,1
RT @KINGTUNCHI_: Lowkey I put sum of these hoes on the map ... So call me kingtunchi bitch !,1,0,0,0,0,1,0,1
&#128073;RT @Str8_no_Chazer: Bet y'all bitches was deaf to MC Lyte's words about being treated like a queen huh,1,0,0,0,1,1,0,0
Alotta people say they loyal to they niggas and bitches .... Yall aint shiiittt . Someone throw a few dollas in ya face you'll be snitchn &#128175;,0,1,0,1,1,1,0,0
this is the 3rd time i've watched the whole vampire diaries series over again,1,0,0,0,0,0,0,0
@DjChubbESwagg this like a retarded wu-tang clan,0,1,0,1,1,1,0,0
"I see bitches ain't been doing nun, but trotin &amp; thotin &#128514;",0,0,0,0,0,1,0,0
RT @IamMrEchols: She eating pussy but don't eat vegetables,0,1,0,0,0,1,0,1
Every half-breed cop in America is trying to rape white women.,0,0,1,1,1,0,0,1
"like ""look at this annoying little 17/18 year old asking for a ride haha fuck her poser bitch ass""",0,0,0,0,1,0,0,0
@user dwyane wade #nbavote    if you hate  #boycottdelta #islamophobia,0,1,0,0,0,0,0,0
"""I'm a funky ass honkey."" - @jtimberlake 's shout out to @macklemore tonight before ""Cabaret"" &#128514; #JT2020Tour",1,0,0,0,0,1,0,0
RT @POONsoaker: Her pussy A1 if she can quote over 15 boosie quotes,0,1,0,0,0,1,0,0
"hey guys, apparently white and black people are even for that whole slavery thing, so that's nice.  #history",0,1,0,1,1,1,0,0
"fantastic weekend at croft,so pleased to get another win for @user @user @user  thank you for all the nice messages",1,0,0,0,0,0,0,0
hey @user prez doesn't like politicians who appear on cable news but presidents on jimmy kimmel and the view are dignified,1,0,0,0,0,0,0,0
Free Ballout lil bitch &#128520;&#128299;,1,0,0,0,0,1,0,0
Lmaooo wait so why everybody talm bout card crackers?! I missed it,1,0,0,0,0,0,0,0
happy father's day from first equity funding.   fathersday  #fathersday #firstequity #funding,1,0,0,0,0,0,0,0
These hoes aint loyal &#128076;,1,0,0,0,0,0,0,0
#hatecrime against #sikh community in #calgary,1,0,0,0,0,0,0,0
@LeMochaMojito bitch who is you?,0,0,0,0,1,0,0,0
@giantsniners85 he's the definition of little squirrelly bitch,0,1,0,0,1,0,0,0
immoality   #waves #lake #river #live #life #love #nice #awesome #cool #fun   #sea #beach?¢¬Ä¬¶,1,0,0,0,0,0,0,0
This bitch on Maury got 11 baby daddy's!,1,0,0,0,0,0,0,0
"all night long, yeah!  #friday @user",1,0,0,0,0,0,0,0
I'm just gonna get my dog to eat a bitch,0,1,0,0,0,1,0,0
@Get__Em__Craig I was sleep hoe where you at,1,0,0,0,0,0,0,0
"RT @DevinEleven_: hey slim, thats my girlfriend screaming in the trunk. But i didn't slit her throat, i just tied her up ! See i ain't like&#8230;",0,0,1,0,0,1,1,0
RT @Just2Savage: This height shit aint cute at all. Yall some dumb hoes going out in public looking like Jack and the bean stalk. &#128514; http://&#8230;,1,0,0,0,1,1,0,1
@salsteelo @VictorLeaChavez that nigga Vic acting like he yellow bone with 15k followers and can't answer a nigga phone,0,0,0,0,0,0,0,0
RT @CauseWereGuys: How to get unlimited pussy in high school http://t.co/0yaDezrREr,0,1,0,0,0,0,0,1
RT @PapasPaid: My tuesday bitch man I aint even hit it yet just finger pop her pussy just to sit and get the kitty wet,0,0,0,0,0,1,0,1
"RT @b_kolinskyy: ""Drop that bitch"" -@j_hikes on the atomic bomb",1,0,0,0,0,1,0,0
"No. Its wrong to try to change #faggots&gt; There is no ""therapy"" so #tcot should understand and sympathize like they are #retards&gt;",0,0,1,1,1,1,0,0
"You don't know me, but I'm your bra. RT @HuffingtonPost: Doobie Brothers member Michael McDonald says he'll ""come out as a tranny""",1,0,0,0,0,0,0,0
"RT @_JBsoprano: ""Young N****s act hard and all the bad B*****s grew up to be trash broads"" -@JaeTips",0,1,0,1,1,1,0,0
"""Do you believe these hoes are not in fact loyal?"" ""I disagree with that, I do believe they are in fact the loyalest bunch,these hoes""",0,0,0,0,0,0,0,0
@Blackman38Tide bandana Orian. They called me trailer trash for wearing my lil country getup &#128545;,1,0,0,0,0,0,0,0
"@user good job on reducing a talented performer to her physical ""assets,"" you #misogynist douchewaffle.  @user",1,0,0,0,0,0,0,0
@justinbieber have fun getting deported you fucking faggot,0,0,0,0,0,1,0,0
all ready for charlie and the chocolate factory! #london2016 #memories #oompaloompas,1,0,0,0,0,0,0,0
why lie tho&#8230;&#8230; we gon' find you bitches,0,0,0,0,0,1,0,0
@PinchSuckBlow lmoa @ high as giraffe pussy,0,1,0,0,1,1,0,0
"95% of the truly talented people i've come across are retarded professionally. 95% of the awful, untalented people are on point and polite..",0,1,0,1,1,1,0,0
when you can't stop #saved  #letstalkabout #thepoliticalmillennial  #class #education #feminism  #politicsâ¦,1,0,0,0,0,0,0,0
"RT @firemunky: RIP Tom FoleyRIP Greg SikorskeyRIP Charlie AnayaRIP Wells CrowtherRIP Andy Fredericks",1,0,0,0,0,0,0,0
RT @BIGHOMIEMARKIE: Dese bitches ain't shit I get em high and feed em dick,0,1,0,1,1,1,0,1
@Mattyfatass pussy,0,0,0,0,1,1,0,0
@user @user   i will suspend my funding of u.s. gov until  #sexualpredator resigns,0,1,0,1,1,1,0,1
any of my fellow #necromancers or #witches visited #oradoursurglane in #france? i'll be #blogging on it in the next few weeks.   place.,1,0,0,0,0,0,0,0
"meet the wilmington peacekeepers, they walk in beauty. #cnv week of actions #peace #povey  #climateÃ¢ÂÂ¦",1,0,0,0,0,0,0,0
Westbrook you ball hogging bitch pass it to your fuckin teammates if you want to win,0,1,0,0,1,1,0,0
"here's a ?for the day the government and states county's etc. can #ban smoking, #saying ceain words , #clothing in schools ...so  ?",1,0,0,0,0,0,0,0
crewlove! #thegang #crewlove   #friends #mÃÂ¤dels #milchschnitteÃ°ÂÂÂÃ°ÂÂÂ¼Ã°ÂÂÂÃ¢ÂÂ¤Ã¯Â¸Â,1,0,0,0,0,0,0,0
Shut up bitch swallow,0,0,1,1,1,1,0,1
Its obvious the bitch is still immature and havent let go of the past yet. Just face it. You fucked up a good thing,0,0,1,1,1,1,0,0
Bitches don't even go out to have fun anymore they just go out to tweet about the function and to take pics wit other bitches,0,0,0,0,0,1,0,0
"#porn,#android,#iphone,#ipad,#sex,#xxx, | #CloseUp | amateur pussy player milf close up http://t.co/2uHL7dhHu1",0,0,0,0,0,1,0,1
I thought it was Legal to beat yo hoe!,0,1,0,0,0,1,0,0
@HarleyyyQuinn_ trash,0,1,0,0,0,0,0,0
You see me shining on yo bitch ass &#128570;&#128571;&#10024;&#127775;&#128171; http://t.co/ekWNL6bau4,0,0,0,0,0,1,0,0
@JusDahl not nappy head hoe though &#128514;&#128514;,0,0,0,0,0,0,0,0
"""Baby I like being on your left side"" no bitch you can't be there Cuz the street on that side and Twitter said I ain't real if you do",0,1,0,0,0,1,0,0
"In class still drunk from last night and this broad is doing a presentation on Chipotle, bitch can I live #tease #feedme",0,0,0,0,0,1,0,0
#theshallows weak attempt to cash in on the jaws anniversary,1,0,0,0,0,0,0,0
@PraviKingDino you like men faggot.,0,0,0,1,1,1,0,0
maybe bitches will stop talking about this dude omari one day,1,0,0,0,0,1,0,0
"It's official. I leave America January 3rd. See ya bitches in February. Have fun with winter for me.",1,0,0,0,0,1,0,0
The Pirates have made the playoffs and the Yankees are out...hell has frozen over,0,0,0,0,0,1,0,0
The same bitches telling you to let it go are the same ones that would go in and grab it right after you.&#128175;&#128079;,1,0,0,0,0,0,0,0
I wouldn't last in prison... Them bitches would eat me alive...,0,0,0,0,0,1,0,0
@prime13_time @Vbomb20 hey I guess yall forgot im in this bitch too lol,0,0,0,0,0,1,0,0
Ugh I'm such a little bitch &#128514;,0,0,0,0,0,1,0,0
RT @zakkmcdaniel: You need to at least not be a bitch 12/7 to date me,1,0,0,0,0,1,0,0
@_noWashington what that hoe was like,1,0,0,0,0,1,0,0
"""no pussy, or not tryna go to the studio, don't CALL my mufuckin crib like that, god. Yo. Word up god I will BUSS YO SHIT, god, word up""",0,1,0,0,0,0,0,0
"don't forget, @user - research shows that sexist men have psychological problems. #tuckercarlson",0,1,0,0,0,0,0,0
then yall tweet about not trusting hoes like that shit ain't common sense already,1,0,0,0,0,1,0,0
I bought hummus and broccoli. I just need snacks and shit. RT @Omgitstamz: i need to buy crackers and shit,1,0,0,0,0,1,0,0
we live in a country where many think this first lady is less vulgar than a black first lady.  #trumpâ¦,1,0,0,0,0,0,0,0
Bald head bitches think it's their time to prosper !,0,1,0,0,1,1,0,0
@alanaaaaaa_ pussy,0,0,0,0,0,0,0,1
"#cotd   polar bear climb racing: angry polar bear climb racing, the polar bear living in cold places looking",1,0,0,0,0,0,0,0
RT @LIVYLOHAN: &#8220;@1waynostra: Dats y I don't argue wit Dese bitches lol&#8221; keep it brief trappa lls,1,0,0,0,0,1,0,0
"RT @collegefession: ""Guy tells me he doesn't eat pussy, and all of the sudden I don't suck dick anymore"" - Centeral Washington University",0,1,0,1,1,1,0,1
"wishing all fantastic night as you prepare 4 another day,thanks to sir jah for the big day we had 2day.  fathers day",1,0,0,0,0,0,0,0
Boys dont wanna seem like bitch thats why they dont express feelings like us females do,1,0,0,0,0,0,0,0
I roll a blunt better than the bitches in Havana ! Cause I'm the king round here !,1,0,0,0,0,1,0,0
wonderful dinner Ã¢ÂÂ¤Ã¯Â¸Â #dinner #yum #thegafford #stua #adventures #delicious,1,0,0,0,0,0,0,0
"RT @PinkSapph: If a hoe is talking to your man, she's not the problem, he is. The fact that hoes feel welcomed reflects on how he acts behi&#8230;",0,0,0,0,0,1,0,0
#That son of a bitch moment when you turn the radio on and your favorite song is on but its the end of the song,1,0,0,0,0,0,0,0
"This bitch literally just said ""normal people shouldn't work out in this gym because so many body builders workout here""",0,1,0,0,1,1,0,0
When my right hand get out niggas gon remember why we tru loyal pussy,0,0,0,0,0,1,0,0
@Rasheed_Sheen man damn dude come get this bitch lml,1,0,0,0,0,0,0,0
not nly fr winners even every @user na fans felt  #proud   #tearsofjoy  at this moment Ã°ÂÂÂÃ°ÂÂÂÃ°ÂÂÂÃ°ÂÂÂ,1,0,0,0,0,0,0,0
on the nose: perfumer sparks  furore,1,0,0,0,0,0,0,0
If this bitch hangs up on me one more time....,1,0,0,0,0,1,1,0
work out the idea of creating a substantive argument and making a point rather than calling names.Ã¢ÂÂ¦,1,0,0,0,0,0,0,0
isn't it time we realized what we've done:  #hate #exploitation! read america's history!,1,0,0,0,0,0,0,0
"RT @youngscrap: I sent that bitch a smiley face, bitches love smiley faces &#128515;",1,0,0,0,0,1,0,0
Only niggah on my TL so getting off now,0,0,0,0,0,1,0,0
"@ImToBlame Apple TV got the NFL channel on that bitch, I'm pretty sure they're all on there. I've watched a couple. @DukeOfZamunda",0,0,0,0,1,0,0,0
RT @Nigel_D: RT: @JoeBudden I just wanna state for the record that I don&#8217;t have any hoes. - http://t.co/pcd2slVKxy,1,0,0,0,0,0,0,0
sex top 10 porn video,0,0,0,0,0,0,0,1
@ItsLenDaddy thanks bruh dont ever forget we still on the look out for these faggots ................................. @JustCurrieOn,0,1,0,1,1,1,0,0
"RT @Soy_Brent: steal a nigga's bitch, don't steal a nigga's tweets.",1,0,0,0,0,1,0,0
"if you're not   with what you're doing, you'll never be good at it.",1,0,0,0,0,0,0,0
@Fru_Iam I seen sum of it but I'm tryin see lox n mook,1,0,0,0,0,0,0,0
The baddest bitch is back on chestnut! @ryancommakerry #welcomehome,0,0,0,0,0,1,0,0
You can't blame me for the bitches I attract.. Y'all say ima asshole when I talk about hoes... but that's kinda what I be having.,1,0,0,0,0,1,0,0
almightydavehunna's photo http://t.co/QFK2jhStc4 haha bitch ass Shmedium hit that hoe with that caption &#128557;&#128514;,0,0,0,0,1,0,0,0
12 oz arizona's trash,1,0,0,0,0,0,0,0
@_puderbaugh don't be a bitch. Get two.,0,1,0,0,0,1,0,0
Them hoes gone be called strvp,1,0,0,0,0,0,0,0
&amp; fuck your bitch,0,0,0,0,1,0,0,0
"Got the Vector Job, bitch.",0,0,0,0,0,1,0,0
God people can be so mean. This Asian guy held the door for these girls and they said they were surprised he could see it with his slant eye,0,0,0,1,0,0,0,0
\#people aren't protesting #trump because a #republican won-they do so because trump has fuhered  &amp;Ã¢ÂÂ¦,1,0,0,0,0,0,0,0
"Pillow talkin to bitches, i see her she bad but NIGGA SHE BASIC!",0,1,0,1,1,1,0,1
"damn I have nothing to tweet,nothing to complain or bitch about): lol",0,0,0,0,0,1,0,0
RT @LifeAs_Meghan: I only wear weave because I like it !! A bitch got hair &#128514;&#128129;,0,0,0,0,0,1,0,0
@ArtbyLecardin @Amy0813Amy @Deeiiggee until the world sees 2 faggot jungle bunnies are fucking and one got pregnant,0,0,1,1,1,1,0,1
&#128514;&#128514;&#128514;&#128514;&#128514;&#128514; RT @KarltonHinez: @ItsNotHarold smh bitch sellin her ass,0,1,0,1,1,1,0,1
@FixItJESUSx just be a hoe then,0,0,0,0,1,0,0,0
For all we know this nigga a rapist. Y'all hoes dumb &#8220;@daniellathepimp: *melts* http://t.co/RRROzn5bdy&#8221;,0,1,0,1,1,1,0,0
you hoe spice,0,0,0,0,0,0,0,0
"@TakingBackSunda @NYCGreenfield @lsarsour that's not how you resist, you worthless retard. Do you need a dictionary?",0,1,0,0,1,1,0,0
so i found this uncle by the road side at the market this morning and almost everything he sells could be a potential #diy project.,1,0,0,0,0,0,0,0
"RT @JadedByPolitics: @Coondawg68 @velvethammer so damn stupid, someone needs to sit that bitch down &amp; explain to her that #Communism is a p&#8230;",0,0,0,0,0,1,0,0
my boys ??¬ü¬ò¬ä??¬ü¬ò¬Ñ??¬ü¬ò¬ä??¬ü¬ò¬Ñ??¬ü¬ò¬ä #drunknights #drunkgirls #seasideheights   #squad #squadgoals #yolo?¢¬Ä¬¶,1,0,0,0,0,0,0,0
be sma and sexy &lt;3   #alicrytrinkets #beautiful   #thegoodlife?¢¬Ä¬¶,1,0,0,0,0,0,0,0
"""@Montrell_: I'm tired of bitches saying I look mean.. &#128530;"" nigga you big af, wear tight shirts, and grim everybody.",0,1,0,1,1,1,0,0
"here's how to combat violent extremism in 2017. ""the white nationalist who came to dinner""",1,0,0,0,0,0,0,0
#congratulations #cro great play !  #tur?Ç¬   #euro2016?Ç¬   hope we win next games!,1,0,0,0,0,0,0,0
"I got something for your ass, keep thinking I'm pussy",0,0,0,0,0,1,1,0
RT @HoskinsTy96: &#8220;@xjessica14x: Brandon is so annoying&#8221;and a lil bitch,0,1,0,1,1,1,0,0
@justezzzee bitch you look like one of the characters off of Sesame Street which yo ugly ass.,0,1,0,0,1,1,0,0
"@user @user @user the real  and #antisemites are @user and the #progressive minions, not freedom loving americans",0,0,1,1,1,0,0,0
"You wanna know some crazy shit? Without the sunshine, you could find a SHADY bitch!",0,1,0,0,0,1,0,0
Not even sweating these hoes &#128524;&#128588;,1,0,0,0,0,0,0,0
RT @CanIFuckOrNah: i'm a bitch but a sweetheart u feel me,1,0,0,0,0,1,0,0
This is why no one likes you. Because you're a bitch. And a slut.,0,1,0,0,1,1,0,0
seeing my babe tomorrow morning. #soexcited #loveofmylife,0,0,0,0,0,1,0,0
This nigga Magic Johnson got a Grade A faggot for a son &#128514;&#128514;.. He had to have done some terrible shit growin up lol..,0,1,0,0,1,1,0,0
@kieffer_jason is that all you have to say you sound like a little bitch nagging and shit where u be at,0,1,0,1,1,1,0,0
RT @BenevolentDjinn: I hate seeing women carrying on about how they could fuck somebody's man. Ok??? Trashy ass bitch.,0,1,0,1,1,1,0,1
@user #feminismiscancer #feminismisterrorism #feminismmuktbharat why  #malevote is ignored  @user,1,0,0,0,0,0,0,0
Fuck you tweetin me emojis for faggot RT @FrancoisKilljoy: @202SOLE &#9786;&#65039; http://t.co/R6UeWFUr8W,0,0,1,1,1,1,0,0
@FabianMleal no bitch lol I'm not about that life anymore,1,0,0,0,0,1,0,0
excellent news with work. #progress,1,0,0,0,0,0,0,0
RT @lilduval: Most of worried about looking like a hoe. Gon regret it when u get older. Cuz u missing out on a lot of fun,0,0,0,1,0,1,0,0
RT @DownSouthOutlaw: What in the mother fuck is flappy bird?,1,0,0,0,0,0,0,0
"self-care is the a of meeting our needs, in order to be able to operate at full throttle. #dare2bfirst #love #healthy #lifestyle",1,0,0,0,0,0,0,0
"Monkey see, monkey do, Narnfraud?Swiftee &amp; Narnfraud = pathetic and disturbed pair of thugs#mngop proud?#stribpol",0,1,0,1,1,1,0,0
finally getting a refill today,1,0,0,0,0,0,0,0
I'm in this hoe tripppped out people be wildin,1,0,0,0,0,0,0,0
So yall give farwells to Lulu yet did all but shit on Kris? Ok bitches... ok,1,0,0,0,1,1,0,0
"RT @TeamBoosieBoo: No officer I wasn't drunk driving, I was swerving on them hoes.",1,0,0,0,0,1,0,1
@EmpressTaTa aww man we had a BALL. Small lil affair. Set that bitch out!,0,0,0,0,1,0,0,0
@ElizabethBatman &amp; @z0mbiedance are bitches.,0,1,0,1,1,1,0,0
WTF is this chick singing the 7th inning stretch at the Giants game wearing? She's like a redneck Carmen Miranda. #nlds,1,0,0,0,0,0,0,0
ATTENTION! Leggings ain't for everybody. Especially you hippo looking hoes!,0,1,0,1,1,1,0,0
Yeah at&amp;t needs to get fucked up with this fuckin water proof galaxy-_- got cheerios slidin down the bitch an shit,0,1,0,0,0,1,1,0
scott_brown-taking_drugs__out_of_my_brain-(plus16)-web-2004-ukhx_int . #web   hardcore #1gabba #vk,1,0,0,0,0,0,0,0
"RT @JakeG_BasedGod: ""Never go full retard""",0,0,0,0,1,0,0,0
RT @iaintshitbruh: white bitches win again smh &#8220;@trackinBlackKev: i fucking hate you @MichelleDBeadle&#8221;,0,1,0,1,1,1,0,0
Alcohol....drunk hoe &#171;@Mr__Rude i miss...&#187;,1,0,0,0,0,1,0,1
I know you bitches is hating on the low. Why me tho? Its way more niggaz in this world that can afford it.,0,1,0,1,1,1,0,0
"@user hope to see none of you @user inauguration wait, i won't be watching the  #idiot anyway #mrminority #boycott",1,0,0,0,0,0,0,0
@NayNooski @kboavz which one bobby bitch or hot nigga?,1,0,0,0,0,1,0,0
@Beyond_Fatal my bitch bruhhh !!!,0,0,0,0,0,0,0,1
not a luxury   #health #massagetherapy #wednesday,1,0,0,0,0,0,0,0
RT @BasedPaco: The NFL is very equal this season everybody showed glimpses of being trash,0,1,0,1,1,0,0,0
@DoughBoyFreco hahahhaha he had mad bitches &#128514;&#128514;&#128514;&#128514;,1,0,0,0,0,0,0,0
RT @datnigga_laced: Never invest money into a broke bitch ..,0,0,0,0,0,1,0,0
when you have a good hea and help everyone you always seem to be the one who gets hu   #buttrue,1,0,0,0,0,0,0,0
@SHAIkethatAss and I replied hoe http://t.co/738UP5PLia,0,0,0,0,0,1,0,0
RT @Basedomg: drake look like he would lay his letterman jacket over a puddle for a bitch and she wit her man smh,1,0,0,0,0,0,0,0
"The clips hang down to the dick.. That's a automatic shotty from a drum they call tommy, guarantee to get you bitches from by me",0,0,0,0,0,1,0,0
"@nekolin @DestroTheNoble naaaa, just the faggots! So....I guess you wouldn't be around very long....would ya!",0,1,0,1,1,1,0,0
"@user  bihdayjayna, #god bless u wth lots of #happiness, many  returns of the day!ð±ðððððððððððððððð",1,0,0,0,0,0,0,0
"it does not help when a person comments ""i don't like obama, but you're out of line!"" like duh mf, you knew you were voting same as",0,1,0,1,1,1,0,0
"Exes swear they can do better, then you see their next bitch ..... &#128514;&#128514;&#128514;&#128553;&#128553;&#128553;&#128514;&#128514;&#128514;&#128514;&#128514;&#128514;&#128514;&#128553;",1,0,0,0,0,1,0,0
@BarackObama @MarchForInnov send them damn beaners back where they belong n the US aint it,0,0,1,1,1,0,0,0
@Mrste617 wake and bake before school hoe !!!,1,0,0,0,0,1,0,1
@SteveWorks4You bush took 3 times as many vacations.. republican teabaggers are pusses....wah,0,0,0,0,1,1,0,0
I called at least 20 times to make my hair appointment and these bitches don't pick -.- guess I have to stop in to make an appointment #Grrr,1,0,0,0,0,1,0,0
The bitch coach said she didn't like my attitude.,0,0,0,0,0,0,0,0
@gvvenivere learn how to type ya hillbilly,1,0,0,0,0,0,0,0
Fuhk you you hoe I don't want you back classic joint http://t.co/RSTFFagdwY,0,1,0,0,1,1,0,0
carl paladino needs to lose his school board seat. what a disgusting  #pig,1,0,0,0,1,0,0,0
bihday to our leaser @user,1,0,0,0,0,0,0,0
that feeling~~ #remember #feelings #good #bad #sad   #longing  #music #smells #words,1,0,0,0,0,0,0,0
"bitches ain&#8217;t shit, and they ain&#8217;t saying nothin&#8217;",0,1,0,0,0,0,0,0
"&#128514;&#128514;&#128514; RT@gxdlyvisuals: ""bitch i know you got games on your phone"" http://t.co/I2HyINFIdW",0,0,0,0,1,0,0,0
@BraXXXedelic fight that shit say you're on free lunch and they must have the game fucked up cause you're colored like the rest of them,0,0,0,1,0,0,0,0
RT @DennisssBeauty: @VivaLaZulema looked like Princess Bella in that yellow dress&#128120;&#128120;,1,0,0,0,0,0,0,0
For about the last hour of getting my stomach tattooed I felt like I was going to puke. God damnit #pussy,0,0,0,0,0,1,0,0
got to the club early just to get in free and wait for hoes to show up,1,0,0,0,0,1,0,0
buffalo school districts boots trump ally over racist comments. #birdsofafeather  #resist  :,1,0,0,0,0,0,0,0
"RT @_Phocus: ""@BOSSSHlTONLY: This bitch... http://t.co/o7uSKCMfcD""&#128514;&#128514;",0,1,0,1,1,1,0,0
This bitch ask me why I dont hit her up.and that I dont talk to her....bitch want me to hit her up so she can ignore or respond hours later,1,0,0,0,0,1,0,0
the book will be out before the end of the month. yay!,1,0,0,0,0,0,0,0
@YungOBG hoe meter went off!,1,0,0,0,0,0,0,0
RT @EarlyLegend: I don't fuck with these hoes &amp; I don't fuck with niggas that's fuckin these hoes,0,0,0,0,0,1,0,0
""" bad bitches is the only thing that i like """,1,0,0,0,0,1,0,0
actin awfully slutty for a bitch in a winnie the pooh sweater http://t.co/0gexxJ3SVv,0,1,0,1,1,1,0,1
"helping kids cope with   feelings: workbook for #home, #school and #counseling",1,0,0,0,0,0,0,0
"&#8220;@MadisonMum_: I was told never fold &amp; never sell my sole""They Should Have Told Yu Stay In School ! *Soul&#8221; autocorrect hoed me",1,0,0,0,0,1,0,0
RT @Cashbethemotive: @HaveMercyyy @killquana ooh yea @gucci1017 !! Getting all hoes!,1,0,0,0,0,0,0,0
since i finished most of my assignments i'll continue to watch my bts dvd's xd i still have some left #onstage #bts #conce #dvd,1,0,0,0,0,0,0,0
as if reel are letting girls in first and there's a massive queue for guys,1,0,0,0,0,0,0,0
Delete this! Lmao RT @SedSince81: bruno mars and el debarge both cop blow from the same nicca....but don't mind me tho,1,0,0,0,0,0,0,0
yes we #love it ehe #outlook #casual #grey &amp; #rose to #feelgood and #confident ihi   #weekend to all of you!Ã°ÂÂÂÃ¢ÂÂ¥Ã¯Â¸Â,1,0,0,0,0,0,0,0
"Rick is not a bitch.
#TheWalkingDead",0,0,0,0,1,0,0,0
"Im way out of your league hoe, please excuse my ego",1,0,0,0,0,0,0,0
@lilimaeee nigger,0,0,0,0,0,1,0,0
i do ð. my father had a great one and now my brother @user following him and yeah i married to this awesome guâ¦,1,0,0,0,0,0,0,0
I don't be crying over stripper bitches that left me for dudes with money tho. And. Singing about it.,0,0,0,0,1,1,0,0
"I, I see some hoes in hurrrr",1,0,0,0,1,1,0,1
That niggah is me lol TMLT &#128514;&#128514;&#128514;,0,0,0,0,0,1,0,0
3 millionaires just walked in why you tripping bitch you paid for the fight ? Lmao,0,0,0,0,0,1,0,0
RT @RahleeFranklin: This bitch got a body like Trey Songz &#128514; http://t.co/KSiqmY4W8D,1,0,0,0,0,1,0,1
@bri_shackelford @bellaangeletti sorry dyslexia is a bitch,1,0,0,0,0,0,0,0
"I still can't get over some of these retards going ape shit over this iphone 5, makes no sense to me whats so ever.",0,0,0,0,1,1,0,0
"RT @BarryClerjuste: Basic bitch tweet shit like ""no one to talk to"" 3 times a day &#128514;",1,0,0,0,1,1,0,0
RT @Liddo_Shorty10: I can't fuck with sentimental bitches.,1,0,0,0,0,0,0,0
Blatt trash too ... but twitter said he was good,1,0,0,0,0,0,0,0
Still don't give a fuck bout a bitch or her dude,0,1,0,0,0,1,0,0
RT @KINGTUNCHI_: I need a real bitch !,1,0,0,0,0,1,0,0
"might walk to Dunkin donuts, i want a Oreo coffee coolatta.",1,0,0,0,0,0,0,0
@coL_ACHES Why do you bitch about everything?,0,1,0,0,0,1,0,0
"So toodles to you bitches , goodnight! &#127769;&#9729;&#65039;&#127776;&#128164;&#9996;&#65039;",1,0,0,0,0,1,0,0
electronic music from #bogota #colombia  #puntohost #cedm #edm #dj #fashion #music,1,0,0,0,0,0,0,0
RT @MikeDiggEm: @TreyzUpZay @JamesyNBA @DattBoiIraq @_2kkz @_KudaBrazyy @thatboysmurf I fuck with all yaw. Yaw all my nigs,1,0,0,0,0,1,0,0
"@user don't feel sad for not having the #love you want, just smile and feel   and everything will be alright - s. ali",1,0,0,0,0,0,0,0
RT @Gezzy504: Niggas don't mind sharing hoes,1,0,0,0,1,1,0,1
Fuck is yaw sayin bitch my hood love me&#128677;&#9889;&#127984;,0,0,0,0,0,1,0,0
so   for the dog park!,1,0,0,0,0,0,0,0
"RT @Take_My_Advicee: If you gonna fuck my girl then dont pull her hair, nigga i paid $200 for that bitch weave",1,0,0,0,0,1,0,1
Audio: Happy Valentines Day bitches. &#160;Now play this while you get laid. http://t.co/x70OTlH3,1,0,0,0,0,1,0,1
@kelly_ryaaaan only dumb bitches r in 8th,0,1,0,0,0,1,0,0
RT @bender3395: I'm never playing flappy bird again ever fuck that game &#128581;,0,0,0,0,0,1,0,0
RT @ChicoFlicoFlame: Every super hero a bitch except iron man Peter Parker the biggest hoe loser ass nigga no bitches no cribs no whips,0,0,0,0,0,1,0,0
RT @CraziestSex: A girl KNOWS when a bitch likes her boyfriend &#128564;&#128080;,0,0,0,0,0,1,0,0
@phishlicia I'm 5'8 fag &#128536;&#128536;,0,0,0,0,0,1,0,0
Can I get some good neck out dis hoe?,0,0,0,0,0,1,0,1
Cus you gt d hoes,1,0,0,0,0,1,0,1
@_angelaaau hey fag i &lt;3 you,0,0,1,1,1,1,0,0
when bitches u hate won't stop staring at u in the halls http://t.co/OjNXhoIGdw,1,0,0,0,0,0,0,0
me off to my hometown. ð can't wait to do everything. ððð¸ððððð,1,0,0,0,0,0,0,0
I swear I got that shit that make the bitches go insane,0,1,0,0,0,1,0,0
Ain't been on this hoe all day haha #FWM,0,0,0,0,0,1,0,0
"If yo nigga catch you cheating, and beat yo ass in front yo lil yeah, and lil yeah don't help. You still give him pussy ladies?",1,0,0,0,0,1,0,1
RT @DookieWithMe: &#128514; RT @itsablackguy: I&#8217;m assuming she got a cup on RT @AssholeFrmNY: Her pussy got a bicep b. wtf? http://t.co/Cl4jhGmXpi,0,0,0,0,0,0,0,1
Ã¢ÂÂ¦you #black &amp; feel like the  are stomping on you? listen  #retweet #tampa #miamiÃ¢ÂÂ¦,1,0,0,0,0,0,0,0
wedding  locations!  #decoration #glamour #gold #greece #groom   #illumination #india,1,0,0,0,0,0,0,0
"RT @tmoney_presa: *when bae sings ""it ain't nun to cut that bitch off"" with too much enthusiasm* http://t.co/CN0Vtrk8DA",1,0,0,0,0,1,0,0
@user win with dignity you chauvinist pig. #notmypresident #fucktrump #lostpopularvote #americadoesntwantyou  #bigot,0,0,1,0,1,1,0,0
"My clothes are always retro, sexual like im hetro, and I play a bitch like nintendo, takee her for a ride in my benzo.-@dillyduzit",0,1,0,0,0,1,0,1
RT @BwTis: I have no sympathy for people who bitch about situations they get themselves into.,1,0,0,0,0,0,0,0
#2017 scatter #joy!Ã¢ÂÂ¢ may we bless&amp;keep shine upon be gracious look kindly toward one another. let us all #love as aÃ¢ÂÂ¦,1,0,0,0,0,0,0,0
have a great day! #saturday #shopping,1,0,0,0,0,0,0,0
RT @FunnyQuotees: Halloween use to be a holiday for kids. It is now National dress like your inner hoe day.,1,0,0,0,0,0,0,0
dr. frances cress welsing - racism defined #whitesupremacy  #drfranciscresswelsing,1,0,0,0,0,0,0,0
Off a lot of dope bitch I be high af,0,0,0,0,0,1,0,0
"My honky, my honky. My motherfucking honky.",1,0,0,0,0,0,0,0
RT @NoChillScottyD: Y'all fat bitches with small titties look like Teddy Grahams.,0,0,0,0,1,0,0,0
On ya pussy rap sheet it's a whole lot of bros !,0,0,0,0,0,1,0,0
RT @taylorlopez96: &#8220;@harleighpurolla: You are the biggest two faced bitch I have ever met.&#8221; You won't @ her,0,1,0,0,0,1,0,0
"&#8220;@ThatDamnTwerk1 ""When you gonna take me out?"" RT @DrTruth247: Some hoes not gonna let you come over until you spend money on them&#8221;listen",0,0,0,0,0,1,0,0
@elchavaloko who cares tbh ones a shitty dirty Argentino &amp; the other is a feather fisted nigger,0,0,0,0,0,1,0,0
RT @SheswantstheD: trying so hard to resist the urge to smack a bitch http://t.co/Cvnlm1I3Ls,0,1,0,0,0,1,1,0
The last time your pussy was salmon pink was. ....,0,0,1,0,1,1,0,1
@ImEthan_Gregory eyy That pushin one for me bro cause you know That bitch better blow hah,0,1,0,0,0,1,0,0
Kinda RT @Peachpapayya: U mad friend?? RT @viaNAWF: Fat fucking funky nasty ass hoes,0,0,0,0,1,0,0,0
"#carlpaladino, a**hole extraordinaire.  this guy is a #trump hero of course #gop  #fascismo, wishes obama deÃ¢ÂÂ¦",1,0,0,0,0,0,0,0
Lol hell naw fuck dat one swing all swing bitch one gone get punch then the rest gone get punched tf out lmao,0,0,0,0,0,0,1,0
@JunDishes block or mute the cunt,0,1,0,0,0,1,0,0
RT @If_ItAint_B: Miami isn't a good city at all...don't believe the shit you see on TV that city is trash.,0,0,0,0,0,1,0,0
RT @chelseypaige42: I peep everything. And just know I'll slap a bitch with a smile on my face.,0,1,0,0,0,1,1,0
"now playing  :  brian crain - "" ice"" on    #melancholy   #melancholymusic",1,0,0,0,0,0,0,0
my side bitch is my main bitch cuz my main bitch aint feelin me nomo...nomo,0,0,0,0,0,1,0,0
I'm boutta deck this bitch in the face .,0,1,0,0,0,1,0,0
RT @_ImOVERSEAS: Hoes out here selling pussy for some new uggs! You disqualified,0,0,0,0,0,1,0,1
Wtf I look like lying about knowing a bitch for ? If I don't know the hoe I don't know the hoe. TF it's SIMPLE &#128529;,0,0,0,0,0,1,0,0
"&#8220;@cooney_mane: @BrianMC630 ""they played a great job"" who's the retard now?&#8221;

&#128514;&#128514;&#128514;",0,0,1,1,1,1,0,0
"Never take a bitch where you stay 

Never keep work where you lay",0,1,0,0,0,0,0,0
@dpalmyx3 @_wordtothewise stop retweeting heather im tired of seeing that bitch on my tl,0,1,0,1,1,1,0,0
"RT @ashkardash___: If you let your girl get disrespected and you don't do nothing, you should of been born a bitch cuz only bitch niggas le&#8230;",0,0,1,0,1,1,0,0
This bitch showed me IT &amp; if y'all every seen that low budget piece shit that muthafuckin clown scary then a hoe,0,0,0,0,0,1,0,0
Oh so now BC we didn't cover u bitches wanna talk shit??,0,1,0,1,1,1,1,0
RT @PrinceTooTrippy: these hoes swear boy,1,0,0,0,0,0,0,0
I just might get to these riches I might go broke on these bitches,1,0,0,0,0,1,0,0
Why did you release my nudes you cunt...? @sickgirl12345 http://t.co/Nn4OdiZR8l,0,1,0,1,1,1,0,1
My asshole credentials? Even rednecks hate me.,1,0,0,0,0,0,0,0
This bitch gone ask is we closed &#128530;I said Naw we just ain't pay the lightbill this month YEA BITCH WE CLOSED!! Get TF out,0,0,0,0,0,1,0,0
ready to get hammered?  happy life Ã°ÂÂÂ°Ã°ÂÂÂÃ°ÂÂÂ #life #hane   #man #selfie #boy #lad #hung #hammeredÃ¢ÂÂ¦,1,0,0,0,0,1,0,1
@T_Kelllz not only that.. after he pushed him he stepped back lolol. That was some pussy shit,0,0,0,0,0,1,0,0
Drink up bitches,1,0,0,0,0,1,0,0
RT @sheemteam97: Fuck the Islamic State!! We will kill those cunts&#127468;&#127463;,1,0,0,0,1,1,1,1
This wigga didn't follow me back.. Smh,0,0,0,0,0,1,0,0
Even bitches with bad attitudes bumpin to our tunes.. They high maintenance.,0,1,0,0,1,1,0,0
"RT @iDntLuvHoes: All I see on my timeline is
Ebola
Ebola
Ebola
I hate school 
Ebola 
Ebola
Some twitter hoes selfie
Ebola
Ebola
Pull out ga&#8230;",1,0,0,0,0,1,0,0
national best friend day to my best friend dee trott!,1,0,0,0,0,0,0,0
@YourDudeFerg like a tree in this bitch? Asshat.,0,1,0,0,1,0,0,0
"""@Almightywayne__: @JetsAndASwisher @Gook____ bitch fuck u http://t.co/pXmGA68NC1"" maybe you'll get better. Just http://t.co/TPreVwfq0S",0,1,0,1,1,1,0,0
RT @iEatLightSkins_: you bitches make everything a relationship goal.,0,1,0,1,1,1,0,0
RT @FleeBiscuit: Girls with anchor tats are hoes,1,0,0,0,0,0,0,0
I just wanna fuck bad bitches,0,1,0,0,0,1,0,1
can't believe the day has finally come! on way to see @user with the girls! me knees already trembling #nervous   #ourrod,1,0,0,0,0,1,0,0
RT @Bitches_LuvCake: Real niggas let a real bitch cum first &#128527;&#128069;&#128166;&#128166;,1,0,0,0,0,1,0,1
"RT @_onnaa_: ""@1stBlocJeremiah: Gotta watch these hoes &#128064;"" I Swear &#128079;",0,0,0,0,0,1,0,0
fo woh officer in viral arrest video was Ã¢ÂÂrude not racistÃ¢ÂÂ: chief  #crime #officerÃ¢ÂÂ¦,1,0,0,0,0,0,0,0
Maple Room bitch SACTO STYLE,1,0,0,0,0,0,0,0
http://t.co/bPU86qzYFt Avery &#8211; Adorable and petite red haired teen plays with her shaved&#160;pussy http://t.co/Pbu9NlxaNP,0,0,0,0,0,1,0,1
RT @Tweets2Sweet Or lack of &#8220;@HumbltonBanks Smh u niggers &amp; ur music knowledge&#8221;,1,0,0,0,0,0,0,0
you might be a libtard if... #libtard  #sjw #liberal #politics,0,0,0,0,0,1,0,0
RT @OhSnapsItsShaq: Having hoes fun till you lose that girl that you really wanted over them hoes ..,1,0,0,0,0,1,0,0
&#8220;@iDisrespectHoez: RT @GodOfMilfs: Single moms got that proven pussy&#8221; LOL fckd up but truuu,1,0,0,0,0,1,0,1
Real bitches who really hungry won't be out here arguing with bitches on twitter straight flexin,0,0,0,0,0,1,0,0
Fredo was a bitch ass nigga. How niggas fire over 20 shots at his pops but he didn't get off 1 cuz he dropped the gun smh,0,0,0,1,0,1,0,0
"If that pussy don't come with head, I don't want it!!",0,0,0,0,0,0,0,1
behind bars. having that as a view and no way out! so very g #captive #trapped lockandkey,1,0,0,0,0,0,0,0
"RT @m_stew4: Lol why they tryna make mimi out 2 b this bad bitch? She is sooooo weak it makes me mad, and she fucks like a 6th grader &#128553;&#128514;",0,1,0,0,0,1,0,1
@SeanRossSapp Don't think anyone is mocking the man. I've seen people mock the bespectacle of social media mourning. Cultural zeitgeist of,1,0,0,0,0,0,0,0
@CellNBuu ewwww her nips are DEF more perfect than that,0,0,0,0,1,1,0,1
#love #instagood #photooftheday top.tags #tbt #cute #me #beautiful #followme   #followÃ¢ÂÂ¦,1,0,0,0,0,0,0,0
"lularoe... feel happy, look happy, be  ! what makes you happy?!  click on the link in myÃ¢ÂÂ¦",1,0,0,0,0,0,0,0
@bbluedreamm @chris_cruz1 @Hunglikerobby_ don't be a bitch then?,0,1,0,0,1,1,0,0
Can't take u coons nowhere &amp; I mean nowhere,1,0,0,0,0,0,0,0
@santos_brina what a ratchet ass bitch bet she felt dumb&#9996;&#65039;,0,1,0,1,1,1,0,0
Give that hoe an Oscar she stay acting crazyy!!,1,0,0,0,0,1,0,0
Don't you hate when someone you care about is dating a hoe but they won't listen to you?,1,0,0,0,0,0,0,0
Quit blowing up my feed bitches.,0,1,0,0,1,1,0,0
RT @GMB_Ace: Lame bitches always Wanna try 2 Play a real Nigga like a Lame Bitch das how u get treated N cut loose&#9995;,0,1,0,0,0,1,0,0
Just like a bitch. Typical shit. Stepping in place. Elliptical shit. Wizard of hearts. Mythical shit. Watch yourself. Mystical shit.,0,1,0,0,0,1,0,0
&#8220;@BlizzyLC: Police just tried to Rodney King a nigga...&#8221;happen to my nig out here,1,0,0,0,0,1,0,0
"""@thotmouths: http://t.co/aQKGOrAUxx""

Lmao bitch got on some huggies",1,0,0,0,0,0,0,0
I'm seeing more &amp; more niggers migrating further up liberty rd... smh,0,0,1,1,1,1,0,0
Can't wait to see my bitch dutchess,1,0,0,0,0,1,0,0
@Noworriezzzz basically we're mad at them for being hoes,0,0,0,0,1,1,0,0
RT @iAmBitchassness: I'm not telling you to like Al Green or Otis Redding! Stop missing the point. Just don't call them trash &amp; tell me you&#8230;,1,0,0,0,0,0,0,0
@Youlove_Tyler lol girrrrl these bitches crazzzzy,1,0,0,0,0,0,0,0
RT @rebecca7054: &#8220;@CaitlinBartlett: yeah bitches http://t.co/2PP9RboHy4&#8221;,1,0,0,0,0,1,0,0
Vegas in 4 days bitches.,1,0,0,0,0,1,0,0
@user this #toilla is   to #finally be #eaten,1,0,0,0,0,0,0,0
RT @TheeJenBunny: Oh you didn't hit me boo boo - bitches who got hit in the jaw,0,1,0,1,1,1,0,0
@user #allahsoil bernanke bailed out wall street by dumping $600 billion into the largest banks.,1,0,0,0,0,0,0,0
lmaooooo relax RT @__J_R: 59-0 on Ya mark bitch ass. Roll Tide! Fuck the state of Texas,0,0,0,0,1,1,0,0
I hate a nosey bitch like mind yah business,0,0,0,0,0,1,0,0
Smile at the bitches who hate you.,1,0,0,0,0,1,0,0
@logan_wills what a bishhh &#128075; slap a hoe,0,0,0,0,0,1,0,0
i leave for hawaii in like 12 days!!Ã°ÂÂÂ¬Ã°ÂÂÂºÃ°ÂÂÂºÃ°ÂÂÂÃ°ÂÂÂ¢  #hawaii   #texastohawaii,1,0,0,0,0,0,0,0
@Staydelusional I texted u fag,1,0,0,0,0,1,0,0
@InfidelAlie that should read suck on my bacon encrusted middle finger Muslim twats,0,0,1,1,1,1,0,0
"RT @Yankees: Ballgame over, #Yankees WIN! Yanks beat the White Sox in 10 innings, 4-3.",1,0,0,0,0,0,0,0
Fed ex some real hoe boys,1,0,0,0,0,0,0,0
"RT @SkinnyKenny13: ""@1017_Sqquad: When a fat bitch want you and a skinny bitch can't cook nothin for you &#128514;&#128514;&#128514; these hoes ain't hungry &#128514;&#128514;"" do&#8230;",0,0,0,0,1,1,0,0
Niggas see you wit da yellow dey wanna hit you up &#128530;,1,0,0,0,0,1,0,0
meanwhile in socialist venezuela... they protest the government for food. #lololol,0,1,0,1,1,0,0,0
"my roommate's phone keep ringing, and mine just ring when my arlam is on. sad.",1,0,0,0,0,0,0,0
@THEDINGOJOHNSON @KillAll_Simps no ur the blind bitch. Dude in the video is way skinnier.,0,1,0,1,1,1,0,0
#bbfs #thesegirls #makemehappy #instadaily #instamood   #instagood #smiles @ ihop,1,0,0,0,0,0,0,0
RT @jama_jam: You gotta be straight forward with hoes ... Tell them what you want from jump ...,1,0,0,0,0,0,0,0
"Im sorry, I use to be on that shit, but im not worried about the next bitch #unbothered #threatenwho",1,0,0,0,0,0,0,0
xbox one sad news?? #video #xbox #one   #news #australia #hotvideo #videos,1,0,0,0,0,0,0,0
&#8220;@__IamAnnaY: bitch gotta work all hard to clean that shit without ripping her skin&#8221; LMAOSJDUSUBEJS,0,1,0,0,0,1,0,0
"Word RT @Maxin_Betha: And pussy RT @HumbltonBanks And snacks RT @Aerin_Marie: Ladies, keep beer (cont) http://t.co/ssb5ERhd",0,1,0,0,0,1,0,0
"Nigga i wus graduating RT @i_EaT_PIE: If you wasn't in the 6th grade in 1996, you a hoe",0,0,0,0,0,1,0,0
RT @kaseymizell: we may or may not be trash at taking pictures together http://t.co/bPJWl1aO2E,1,0,0,0,0,0,0,0
@efethegoddess The shirt trash &#128546; and I'm leaving your room a mess &#128522;,1,0,0,0,0,0,0,0
"""@rhythmixx_: I told Mariam to but cigarettes for her birthday""

You also called me trash rn",1,0,0,0,0,0,0,0
@user commercial showing inter-racial couple attacked by @user #amerikkka suppoers,1,0,0,0,0,0,0,0
RT @AllHailTaron_: Bruh thank you I'm about to start cumming in these hoes just to scare them. http://t.co/cMCek4h6cv,0,1,0,0,0,1,0,1
Did he say the tastiest cuts or cunts??,0,0,0,0,0,1,0,0
@JawShoeeAhhh @greyyygoose @jehnayy you're gay bitch,0,0,0,1,0,0,0,0
"The streets a dirty hoe, niggad try to wife it though.",0,0,0,0,0,1,0,0
"""I'm sick of his shit man @JonnieSantana: Sit his bitch ass, I'm fed up bro RT ""@80sbaby4life: Geno threw yet another pick smh""""",0,0,0,0,1,0,0,0
"RT @G0ldenG0ddess: Turn up about to be real , marriott with my bitches for the weekend , mansion tonight , adult swim tomorrow &#128131;",1,0,0,0,0,1,0,0
That pussy crying for help,0,0,0,0,0,0,0,1
Naw she not a hoe she just a Freeky Girl,1,0,0,0,0,1,0,1
what a hoe,0,1,0,1,1,1,0,1
RT @Partyprobs: If you open a beer and don't finish it you are what is known as a little bitch,0,0,0,1,1,1,0,0
"excited for saturday i'm off to the fake festival for my sister bihday, with my sis,her mates and me and my mate, my mom ( )Ã°ÂÂÂÃ°ÂÂÂÃ°ÂÂÂÃ°ÂÂÂ»Ã°ÂÂÂ¸Ã°ÂÂÂ",1,0,0,0,0,0,0,0
@Pecan_B19 @ObeyMy_Realness dryer then them bad ass eyes of your fag,0,0,1,1,1,1,0,0
having a blast yesterday...she even had me on the monkey bars tryna kill myself lol! http://t.co/31g1KM56,1,0,0,0,0,0,0,0
RT @ShowMeATittie: LMAO bruh RT @BlazeTheGreat_: Oooooo let me find a shooting star so I could wish a bitch would http://t.co/9dqLU7dZrY,1,0,0,0,0,1,0,0
Ima be home tomorrow so line up a bitch for me,1,0,0,0,0,1,0,0
watch #weddingplanning #when people are not   for you,1,0,0,0,0,0,0,0
I swear to god some hoes look like they take the same exact picture everytime. Change it up for once godamn. #ratchet,0,1,0,1,1,1,0,0
"This bitch forehead. Hairline. Who lied to her &amp; approved this shit &#128514;&#128514;&#128514; https://t.co/8MaDF35ZXe""",0,0,0,0,0,1,0,0
RT @chasingstaxx: If your girl is upset and crying..let her cry...she needs to learn how to stop being a pussy. Toughen up,0,1,0,1,1,1,0,0
@jkfldghi @Huntermoore long tittie no nipple havin ass bitch,0,1,0,0,0,1,0,1
"""LMFAOOOOOOOOOOOOOOOOOO @bb_brooks: If your pussy is good but my mama don&#8217;t like you? Guess who gotta go&#8230;&#8230;&#8230;..my mama.""",0,1,0,1,1,1,0,1
"I have to tell you a secret,
""your a stupid hoe""",0,1,0,0,1,0,0,0
@moyizzy naw negro,1,0,0,0,0,0,0,0
everybody talking bout hoes fighting I'm lurking on some money&#128181;&#128179;&#128175;,1,0,0,0,0,0,0,0
"De Niro's wife in Casino is the second biggest cunt of all time, first is still George's mother in Blow",0,1,0,1,1,1,0,0
Red Sox fans bitch the loudest about right field. Their hitters exempt from hitting them out too? #Yankees #YankeeStadium,1,0,0,0,0,0,0,0
@wodaeeex3 dumb ass hoe,0,0,0,0,1,0,0,0
RT @iGBBreezy: Don't wife a hoe &amp; end up like these 2 http://t.co/LXddifeexw,0,0,0,0,1,1,0,0
@CallMeRenee_ dam bitch,1,0,0,0,0,1,0,0
"Tilt my chin back, slit my throat, take a bath in my blood, get to know me",0,0,0,0,0,0,1,0
&#8220;@Xenoss_: I don't love these hoes&#8221; *we,1,0,0,0,0,0,0,0
@user smile with my   #dog. #dogsarejoypic.twitter.com/dn49qhwso7,1,0,0,0,0,0,0,0
I love living in Minnesota. The weather is bad enough for people to bitch about it but we don't have anything serious. Stay safe east coast,1,0,0,0,0,1,0,0
@BallOut057 I'm otp bitch hold on,1,0,0,0,0,0,0,0
ready to sta my new job!   iew i dont use hashtags wtf,1,0,0,0,0,0,0,0
when your gingerjew friend won't text chu.   #wow,0,1,0,1,0,0,0,0
This bitch lying to me &#128514;&#128530;,0,1,0,0,0,1,0,0
